file_name,source_dataset,original_split,scene_type,worker,status,qa_status,review_reason
250410_144403911987.jpg,이물검출_학습데이터1,train,김치+대상 객체,이후영,EDITED,PASS,3번 바운딩박스 수정
250410_144449962356.jpg,이물검출_학습데이터1,train,김치+대상 객체,이후영,EDITED,PASS,"2,3 번 바운딩박스 수정"
250410_144834943618.jpg,이물검출_학습데이터1,train,김치+대상 객체,이후영,EDITED,PASS,"1,2번 수정 및 6번 추가"
250410_145037640704.jpg,이물검출_학습데이터1,train,김치+대상 객체,이후영,EDITED,PASS,6번 추가
250410_145316482671.jpg,이물검출_학습데이터1,train,김치+대상 객체,이후영,DONE,PASS,
250410_145522054916.jpg,이물검출_학습데이터1,train,김치+대상 객체,이후영,EDITED,PASS,
250410_145804344533.jpg,이물검출_학습데이터1,train,김치+대상 객체,이후영,EDITED,PASS,"1,2,4,5 수정"
250410_150040264734.jpg,이물검출_학습데이터1,train,김치+대상 객체,이후영,EDITED,PASS,
250410_150133469509.jpg,이물검출_학습데이터1,train,김치+대상 객체,이후영,DONE,PASS,
250410_150216388445.jpg,이물검출_학습데이터1,train,김치+대상 객체,이후영,EDITED,PASS,
250410_150306918269.jpg,이물검출_학습데이터1,train,김치+대상 객체,이후영,EDITED,PASS,
250410_150346868183.jpg,이물검출_학습데이터1,train,김치+대상 객체,이후영,DONE,PASS,
250410_150427011255.jpg,이물검출_학습데이터1,train,김치+대상 객체,이후영,EDITED,PASS,2번 수정
250410_150516419769.jpg,이물검출_학습데이터1,train,김치+대상 객체,이후영,DONE,PASS,
250410_150559581998.jpg,이물검출_학습데이터1,train,김치+대상 객체,이후영,DONE,PASS,
250410_150635306503.jpg,이물검출_학습데이터1,train,김치+대상 객체,이후영,EDITED,PASS,6번 추가
250410_150808416709.jpg,이물검출_학습데이터1,train,김치+대상 객체,이후영,EDITED,PASS,3번 수
250410_150848922166.jpg,이물검출_학습데이터1,train,김치+대상 객체,이후영,EDITED,PASS,"3,4,5번 수"
250410_150949043386.jpg,이물검출_학습데이터1,train,김치+대상 객체,이후영,EDITED,PASS,4번 수
250410_151029696229.jpg,이물검출_학습데이터1,train,김치+대상 객체,이후영,EDITED,PASS,"1,2,4번 수정"
250410_151139983231.jpg,이물검출_학습데이터1,train,김치+대상 객체,이후영,DONE,PASS,
250410_151231944374.jpg,이물검출_학습데이터1,train,김치+대상 객체,이후영,EDITED,PASS,"1,2,3,4,5 수정"
250410_151304603268.jpg,이물검출_학습데이터1,train,김치+대상 객체,이후영,EDITED,PASS,"4,5 수정"
250410_151341801257.jpg,이물검출_학습데이터1,train,김치+대상 객체,이후영,EDITED,PASS,"1,2,3,4 수정"
250410_151431800368.jpg,이물검출_학습데이터1,train,김치+대상 객체,이후영,EDITED,PASS,"1,3 수정"
250410_151504600233.jpg,이물검출_학습데이터1,train,김치+대상 객체,이후영,EDITED,PASS,"2,3,4 수정"
250410_151546165963.jpg,이물검출_학습데이터1,train,김치+대상 객체,이후영,EDITED,PASS,"2,3 수정"
250410_151631868173.jpg,이물검출_학습데이터1,train,김치+대상 객체,이후영,EDITED,PASS,3번 수정
250410_151713908283.jpg,이물검출_학습데이터1,train,김치+대상 객체,이후영,EDITED,PASS,"3,4,5 수정"
250410_151754102631.jpg,이물검출_학습데이터1,train,김치+대상 객체,이후영,DONE,PASS,
250410_151920880325.jpg,이물검출_학습데이터1,train,김치+대상 객체,이후영,EDITED,PASS,"1,4,5 수정"
250410_152120483994.jpg,이물검출_학습데이터1,train,김치+대상 객체,이후영,EDITED,PASS,
250410_152232188708.jpg,이물검출_학습데이터1,train,김치+대상 객체,이후영,DONE,PASS,
250410_152308081822.jpg,이물검출_학습데이터1,train,김치+대상 객체,이후영,EDITED,PASS,"2,4 수정"
250410_152339920357.jpg,이물검출_학습데이터1,train,김치+대상 객체,이후영,EDITED,PASS,"1,3,4,5 수정"
250410_152413150828.jpg,이물검출_학습데이터1,train,김치+대상 객체,이후영,EDITED,PASS,"3,4,5번 수정"
250410_152606438450.jpg,이물검출_학습데이터1,train,김치+대상 객체,이후영,EDITED,PASS,"2,4,5 수정"
250410_152647794740.jpg,이물검출_학습데이터1,train,김치+대상 객체,이후영,EDITED,PASS,1번 수정
250410_152727057876.jpg,이물검출_학습데이터1,train,김치+대상 객체,이후영,EDITED,PASS,3번 수정
250410_152802371370.jpg,이물검출_학습데이터1,train,김치+대상 객체,이후영,EDITED,PASS,"1,3 번 수정"
250410_155009160971.jpg,이물검출_학습데이터1,train,김치+대상 객체,이후영,EDITED,PASS,3번 수정
250410_155526034625.jpg,이물검출_학습데이터1,train,김치+대상 객체,이후영,EDITED,PASS,1번 수정
250410_155601084144.jpg,이물검출_학습데이터1,train,김치+대상 객체,이후영,EDITED,PASS,"2,3,5 수정"
250410_155641957140.jpg,이물검출_학습데이터1,train,김치+대상 객체,이후영,DONE,PASS,
250410_155826598654.jpg,이물검출_학습데이터1,train,김치+대상 객체,이후영,EDITED,PASS,2번 수정
250410_155901509386.jpg,이물검출_학습데이터1,train,김치+대상 객체,이후영,DONE,PASS,
250410_160021775802.jpg,이물검출_학습데이터1,train,김치+대상 객체,이후영,EDITED,PASS,
250410_160112679219.jpg,이물검출_학습데이터1,train,김치+대상 객체,이후영,EDITED,PASS,"2,3,4,5 수정"
250410_165645848530.jpg,이물검출_학습데이터1,train,김치+대상 객체,이후영,EDITED,PASS,5번 수정
250410_165759582289.jpg,이물검출_학습데이터1,train,김치+대상 객체,이후영,DONE,PASS,
250410_165840226763.jpg,이물검출_학습데이터1,train,김치+대상 객체,이후영,DONE,PASS,
250410_165918398621.jpg,이물검출_학습데이터1,train,김치+대상 객체,이후영,DONE,PASS,
250410_170124048539.jpg,이물검출_학습데이터1,train,김치+대상 객체,이후영,DONE,PASS,
250410_170204849002.jpg,이물검출_학습데이터1,train,김치+대상 객체,이후영,DONE,PASS,
250410_170257620893.jpg,이물검출_학습데이터1,train,김치+대상 객체,이후영,DONE,PASS,
250410_170345204621.jpg,이물검출_학습데이터1,train,김치+대상 객체,이후영,DONE,PASS,
250410_170436151500.jpg,이물검출_학습데이터1,train,김치+대상 객체,이후영,EDITED,PASS,4번 수정
250410_170523246924.jpg,이물검출_학습데이터1,train,김치+대상 객체,이후영,DONE,PASS,
250410_170605462218.jpg,이물검출_학습데이터1,train,김치+대상 객체,이후영,DONE,PASS,
250410_170658904840.jpg,이물검출_학습데이터1,train,김치+대상 객체,이후영,DONE,PASS,
250410_171043114194.jpg,이물검출_학습데이터1,train,김치+대상 객체,이후영,DONE,PASS,
250410_171242763678.jpg,이물검출_학습데이터1,train,김치+대상 객체,이후영,DONE,PASS,
250410_171329931220.jpg,이물검출_학습데이터1,train,김치+대상 객체,이후영,DONE,PASS,
250410_171618401098.jpg,이물검출_학습데이터1,train,김치+대상 객체,이후영,DONE,PASS,
250410_171711703137.jpg,이물검출_학습데이터1,train,김치+대상 객체,이후영,DONE,PASS,
250410_171954431319.jpg,이물검출_학습데이터1,train,김치+대상 객체,이후영,DONE,PASS,
250410_172041141763.jpg,이물검출_학습데이터1,train,김치+대상 객체,이후영,DONE,PASS,
250410_172124374052.jpg,이물검출_학습데이터1,train,김치+대상 객체,이후영,DONE,PASS,
250410_172202967252.jpg,이물검출_학습데이터1,train,김치+대상 객체,이후영,EDITED,PASS,3번 수정함
250410_172249187179.jpg,이물검출_학습데이터1,train,김치+대상 객체,이후영,DONE,PASS,
250410_172509481867.jpg,이물검출_학습데이터1,train,김치+대상 객체,이후영,DONE,PASS,
250410_172553110670.jpg,이물검출_학습데이터1,train,김치+대상 객체,이후영,EDITED,PASS,3번 수정
250410_172731889723.jpg,이물검출_학습데이터1,train,김치+대상 객체,이후영,DONE,PASS,
250410_172921255820.jpg,이물검출_학습데이터1,train,김치+대상 객체,이후영,DONE,PASS,
250410_173012631688.jpg,이물검출_학습데이터1,train,김치+대상 객체,이후영,DONE,PASS,
250410_173104200591.jpg,이물검출_학습데이터1,train,김치+대상 객체,이후영,DONE,PASS,
250410_173307709999.jpg,이물검출_학습데이터1,train,김치+대상 객체,이후영,DONE,PASS,
250410_173355965733.jpg,이물검출_학습데이터1,train,김치+대상 객체,이후영,DONE,PASS,
250410_173453546970.jpg,이물검출_학습데이터1,train,김치+대상 객체,이후영,DONE,PASS,
250410_173647327410.jpg,이물검출_학습데이터1,train,김치+대상 객체,이후영,EDITED,PASS,중앙 작은 풀떼기 나뭇가지
250410_174241672560.jpg,이물검출_학습데이터1,train,김치+대상 객체,이후영,DONE,PASS,
250410_174322665070.jpg,이물검출_학습데이터1,train,김치+대상 객체,이후영,DONE,PASS,
250410_174414309990.jpg,이물검출_학습데이터1,train,김치+대상 객체,이후영,DONE,PASS,
250410_174507760057.jpg,이물검출_학습데이터1,train,김치+대상 객체,이후영,DONE,PASS,
250410_174607125731.jpg,이물검출_학습데이터1,train,김치+대상 객체,이후영,DONE,PASS,
250410_174656591360.jpg,이물검출_학습데이터1,train,김치+대상 객체,이후영,DONE,PASS,
250410_174748966576.jpg,이물검출_학습데이터1,train,김치+대상 객체,이후영,DONE,PASS,
250410_174844662623.jpg,이물검출_학습데이터1,train,김치+대상 객체,이후영,DONE,PASS,
250410_175036549862.jpg,이물검출_학습데이터1,train,김치+대상 객체,이후영,DONE,PASS,
250410_175222116316.jpg,이물검출_학습데이터1,train,김치+대상 객체,이후영,DONE,PASS,
250410_175401330493.jpg,이물검출_학습데이터1,train,김치+대상 객체,이후영,DONE,PASS,
250410_175444219123.jpg,이물검출_학습데이터1,train,김치+대상 객체,이후영,DONE,PASS,
250410_175705326258.jpg,이물검출_학습데이터1,train,김치+대상 객체,이후영,DONE,PASS,
250410_175800961256.jpg,이물검출_학습데이터1,train,김치+대상 객체,이후영,DONE,PASS,
250410_175933697183.jpg,이물검출_학습데이터1,train,김치+대상 객체,이후영,DONE,PASS,
250410_180203619316.jpg,이물검출_학습데이터1,train,김치+대상 객체,이후영,DONE,PASS,
250410_180417359391.jpg,이물검출_학습데이터1,train,김치+대상 객체,이후영,DONE,PASS,
250410_180500624542.jpg,이물검출_학습데이터1,train,김치+대상 객체,이후영,DONE,PASS,
250410_180642000478.jpg,이물검출_학습데이터1,train,김치+대상 객체,이후영,DONE,PASS,
250410_180721146468.jpg,이물검출_학습데이터1,train,김치+대상 객체,이후영,DONE,PASS,
250410_180800068444.jpg,이물검출_학습데이터1,train,김치+대상 객체,이후영,DONE,PASS,
250410_180838247546.jpg,이물검출_학습데이터1,train,김치+대상 객체,이후영,DONE,PASS,
250410_180910324799.jpg,이물검출_학습데이터1,train,김치+대상 객체,이후영,DONE,PASS,
250410_181045535509.jpg,이물검출_학습데이터1,train,김치+대상 객체,이후영,DONE,PASS,
250410_181140480178.jpg,이물검출_학습데이터1,train,김치+대상 객체,이후영,DONE,PASS,
250410_181223026123.jpg,이물검출_학습데이터1,train,김치+대상 객체,이후영,DONE,PASS,
250410_181352268335.jpg,이물검출_학습데이터1,train,김치+대상 객체,이후영,DONE,PASS,
250410_181650625647.jpg,이물검출_학습데이터1,train,김치+대상 객체,이후영,DONE,PASS,
250410_181811462137.jpg,이물검출_학습데이터1,train,김치+대상 객체,이후영,DONE,PASS,
250410_182251586507.jpg,이물검출_학습데이터1,train,김치+대상 객체,이후영,DONE,PASS,
250410_182340189473.jpg,이물검출_학습데이터1,train,김치+대상 객체,이후영,DONE,PASS,
250410_182427975624.jpg,이물검출_학습데이터1,train,김치+대상 객체,이후영,DONE,PASS,
250410_182623838600.jpg,이물검출_학습데이터1,train,김치+대상 객체,이후영,DONE,PASS,
250410_182706284064.jpg,이물검출_학습데이터1,train,김치+대상 객체,이후영,DONE,PASS,
250410_182749738751.jpg,이물검출_학습데이터1,train,김치+대상 객체,이후영,DONE,PASS,
250411_092511506342.jpg,이물검출_학습데이터1,train,김치+대상 객체,이후영,DONE,PASS,
250411_092851295826.jpg,이물검출_학습데이터1,train,김치+대상 객체,이후영,DONE,PASS,
250411_092955630580.jpg,이물검출_학습데이터1,train,김치+대상 객체,이후영,DONE,PASS,
250411_093403074817.jpg,이물검출_학습데이터1,train,김치+대상 객체,이후영,DONE,PASS,
250411_093439164001.jpg,이물검출_학습데이터1,train,김치+대상 객체,이후영,DONE,PASS,
250411_093616913584.jpg,이물검출_학습데이터1,train,김치+대상 객체,손상우,DONE,PASS,
250411_093700427956.jpg,이물검출_학습데이터1,train,김치+대상 객체,손상우,DONE,PASS,
250411_093822949037.jpg,이물검출_학습데이터1,train,김치+대상 객체,손상우,DONE,PASS,
250411_093901909722.jpg,이물검출_학습데이터1,train,김치+대상 객체,손상우,DONE,PASS,
250411_093947029472.jpg,이물검출_학습데이터1,train,김치+대상 객체,손상우,DONE,PASS,
250411_094027390387.jpg,이물검출_학습데이터1,train,김치+대상 객체,손상우,DONE,PASS,
250411_094117478009.jpg,이물검출_학습데이터1,train,김치+대상 객체,손상우,DONE,PASS,
250411_094214912155.jpg,이물검출_학습데이터1,train,김치+대상 객체,손상우,DONE,PASS,
250411_094354631616.jpg,이물검출_학습데이터1,train,김치+대상 객체,손상우,DONE,PASS,
250411_094447587115.jpg,이물검출_학습데이터1,train,김치+대상 객체,손상우,DONE,PASS,
250411_094548003041.jpg,이물검출_학습데이터1,train,김치+대상 객체,손상우,DONE,PASS,
250411_095020396284.jpg,이물검출_학습데이터1,train,김치+대상 객체,손상우,DONE,PASS,
250411_095114999624.jpg,이물검출_학습데이터1,train,김치+대상 객체,손상우,DONE,PASS,
250411_095211804856.jpg,이물검출_학습데이터1,train,김치+대상 객체,손상우,DONE,PASS,
250411_095307375377.jpg,이물검출_학습데이터1,train,김치+대상 객체,손상우,DONE,PASS,
250411_095447313719.jpg,이물검출_학습데이터1,train,김치+대상 객체,손상우,DONE,PASS,
250411_095542189491.jpg,이물검출_학습데이터1,train,김치+대상 객체,손상우,DONE,PASS,
250411_095626998091.jpg,이물검출_학습데이터1,train,김치+대상 객체,손상우,DONE,PASS,
250411_095715404683.jpg,이물검출_학습데이터1,train,김치+대상 객체,손상우,DONE,PASS,
250411_095802178687.jpg,이물검출_학습데이터1,train,김치+대상 객체,손상우,DONE,PASS,
250411_095845387065.jpg,이물검출_학습데이터1,train,김치+대상 객체,손상우,EDITED,PASS,갈변 발견
250411_100024779062.jpg,이물검출_학습데이터1,train,김치+대상 객체,손상우,DONE,PASS,
250411_100114230398.jpg,이물검출_학습데이터1,train,김치+대상 객체,손상우,DONE,PASS,
250411_100243218238.jpg,이물검출_학습데이터1,train,김치+대상 객체,손상우,DONE,PASS,
250411_100327766278.jpg,이물검출_학습데이터1,train,김치+대상 객체,손상우,DONE,PASS,
250411_100413893857.jpg,이물검출_학습데이터1,train,김치+대상 객체,손상우,DONE,PASS,
250411_100456783421.jpg,이물검출_학습데이터1,train,김치+대상 객체,손상우,DONE,PASS,
250411_100540938085.jpg,이물검출_학습데이터1,train,김치+대상 객체,손상우,EDITED,PASS,갈변발견
250411_100623192554.jpg,이물검출_학습데이터1,train,김치+대상 객체,손상우,DONE,PASS,
250411_100709985238.jpg,이물검출_학습데이터1,train,김치+대상 객체,손상우,DONE,PASS,
250411_100751575116.jpg,이물검출_학습데이터1,train,김치+대상 객체,손상우,DONE,PASS,
250411_100841614300.jpg,이물검출_학습데이터1,train,김치+대상 객체,손상우,DONE,PASS,
250411_104332904696.jpg,이물검출_학습데이터1,train,김치+대상 객체,손상우,DONE,PASS,
250411_104451670998.jpg,이물검출_학습데이터1,train,김치+대상 객체,손상우,DONE,PASS,
250411_104529041399.jpg,이물검출_학습데이터1,train,김치+대상 객체,손상우,DONE,PASS,
250411_104605859828.jpg,이물검출_학습데이터1,train,김치+대상 객체,손상우,DONE,PASS,
250411_104639578731.jpg,이물검출_학습데이터1,train,김치+대상 객체,손상우,DONE,PASS,
250411_104754825896.jpg,이물검출_학습데이터1,train,김치+대상 객체,손상우,DONE,PASS,
250411_104839535885.jpg,이물검출_학습데이터1,train,김치+대상 객체,손상우,DONE,PASS,
250411_104919108350.jpg,이물검출_학습데이터1,train,김치+대상 객체,손상우,DONE,PASS,
250411_105029820007.jpg,이물검출_학습데이터1,train,김치+대상 객체,손상우,DONE,PASS,
250411_105105168397.jpg,이물검출_학습데이터1,train,김치+대상 객체,손상우,DONE,PASS,
250411_105141558000.jpg,이물검출_학습데이터1,train,김치+대상 객체,손상우,DONE,PASS,
250411_105218591549.jpg,이물검출_학습데이터1,train,김치+대상 객체,손상우,DONE,PASS,
250411_105254272584.jpg,이물검출_학습데이터1,train,김치+대상 객체,손상우,DONE,PASS,
250411_105330424099.jpg,이물검출_학습데이터1,train,김치+대상 객체,손상우,DONE,PASS,
250411_105411000658.jpg,이물검출_학습데이터1,train,김치+대상 객체,손상우,DONE,PASS,
250411_105453593325.jpg,이물검출_학습데이터1,train,김치+대상 객체,손상우,DONE,PASS,
250411_105617386414.jpg,이물검출_학습데이터1,train,김치+대상 객체,손상우,EDITED,PASS,
250411_105659553370.jpg,이물검출_학습데이터1,train,김치+대상 객체,손상우,DONE,PASS,
250411_105736419426.jpg,이물검출_학습데이터1,train,김치+대상 객체,손상우,DONE,PASS,
250411_105818677104.jpg,이물검출_학습데이터1,train,김치+대상 객체,손상우,EDITED,PASS,갈변발견
250411_105859449687.jpg,이물검출_학습데이터1,train,김치+대상 객체,손상우,EDITED,PASS,갈?변
250411_105944783561.jpg,이물검출_학습데이터1,train,김치+대상 객체,손상우,DONE,PASS,
250411_110128241504.jpg,이물검출_학습데이터1,train,김치+대상 객체,손상우,EDITED,PASS,병해
250411_110216046156.jpg,이물검출_학습데이터1,train,김치+대상 객체,손상우,DONE,PASS,
250411_110315830870.jpg,이물검출_학습데이터1,train,김치+대상 객체,손상우,DONE,PASS,
250411_110403647899.jpg,이물검출_학습데이터1,train,김치+대상 객체,손상우,DONE,PASS,
250411_110445062074.jpg,이물검출_학습데이터1,train,김치+대상 객체,손상우,EDITED,PASS,갈변
250411_110528408973.jpg,이물검출_학습데이터1,train,판단 어려움,손상우,EDITED,PASS,뭔가 발견했는데 뭔지 모르겠음
250411_110621247330.jpg,이물검출_학습데이터1,train,김치+대상 객체,손상우,EDITED,PASS,뭔가 별견했는데 뭔지 모르겠음
250411_110708889349.jpg,이물검출_학습데이터1,train,김치+대상 객체,손상우,DONE,PASS,
250411_110752793773.jpg,이물검출_학습데이터1,train,김치+대상 객체,손상우,DONE,PASS,
250411_110912420662.jpg,이물검출_학습데이터1,train,김치+대상 객체,손상우,DONE,PASS,
250411_111048457647.jpg,이물검출_학습데이터1,train,김치+대상 객체,손상우,EDITED,PASS,갈변
250411_111224174351.jpg,이물검출_학습데이터1,train,김치+대상 객체,손상우,DONE,PASS,
250411_111358192719.jpg,이물검출_학습데이터1,train,김치+대상 객체,손상우,DONE,PASS,
250411_111523441250.jpg,이물검출_학습데이터1,train,김치+대상 객체,손상우,DONE,PASS,
250411_111607753620.jpg,이물검출_학습데이터1,train,김치+대상 객체,손상우,DONE,PASS,
250411_111804424043.jpg,이물검출_학습데이터1,train,김치+대상 객체,손상우,DONE,PASS,
250411_111841310699.jpg,이물검출_학습데이터1,train,김치+대상 객체,손상우,DONE,PASS,
250411_111931684327.jpg,이물검출_학습데이터1,train,김치+대상 객체,손상우,DONE,PASS,
250411_112016533939.jpg,이물검출_학습데이터1,train,김치+대상 객체,손상우,DONE,PASS,
250411_112108693050.jpg,이물검출_학습데이터1,train,김치+대상 객체,손상우,DONE,PASS,
250411_112539453476.jpg,이물검출_학습데이터1,train,김치+대상 객체,손상우,EDITED,PASS,1번 추가 우측상단
250411_112619535807.jpg,이물검출_학습데이터1,train,김치+대상 객체,손상우,DONE,PASS,
250411_112949853261.jpg,이물검출_학습데이터1,train,김치+대상 객체,손상우,DONE,PASS,
250411_113033634859.jpg,이물검출_학습데이터1,train,김치+대상 객체,손상우,EDITED,PASS,1번태그 2개 조그마한거 추가
250411_113112105032.jpg,이물검출_학습데이터1,train,김치+대상 객체,손상우,DONE,PASS,1번 조그마한거 추가 2개
250411_113153017884.jpg,이물검출_학습데이터1,train,김치+대상 객체,손상우,EDITED,PASS,1번 클래스 추가 조그마한거 6개
250411_113241070555.jpg,이물검출_학습데이터1,train,김치+대상 객체,손상우,DONE,PASS,
250411_113335977212.jpg,이물검출_학습데이터1,train,김치+대상 객체,손상우,DONE,PASS,1번 클래스 추가 3개
250411_113422187938.jpg,이물검출_학습데이터1,train,김치+대상 객체,손상우,DONE,PASS,1번 클래스 추가 2개
250411_113548636483.jpg,이물검출_학습데이터1,train,김치+대상 객체,손상우,DONE,PASS,1번클래스 추가
250411_113626826177.jpg,이물검출_학습데이터1,train,김치+대상 객체,손상우,DONE,PASS,1번클래스 추가 3개
250411_113710947633.jpg,이물검출_학습데이터1,train,김치+대상 객체,손상우,DONE,PASS,1번 클래스 추가
250411_113808387570.jpg,이물검출_학습데이터1,train,김치+대상 객체,손상우,DONE,PASS,1번 클래스 추가
250411_113959391025.jpg,이물검출_학습데이터1,train,김치+대상 객체,손상우,DONE,PASS,1번 클래스 추가
250411_114051394051.jpg,이물검출_학습데이터1,train,김치+대상 객체,손상우,DONE,PASS,
250411_114148498012.jpg,이물검출_학습데이터1,train,김치+대상 객체,손상우,EDITED,PASS,1번 클래스 추가 박스 크기 살짝 조절함
250411_114252525628.jpg,이물검출_학습데이터1,train,김치+대상 객체,손상우,EDITED,PASS,1번 4번 클래스 추가
250411_114345771169.jpg,이물검출_학습데이터1,train,김치+대상 객체,손상우,DONE,PASS,1번 클래스 추가
250411_114451800273.jpg,이물검출_학습데이터1,train,김치+대상 객체,손상우,DONE,PASS,1번 클래스 추가
250411_114554364192.jpg,이물검출_학습데이터1,train,김치+대상 객체,손상우,DONE,PASS,1번 클래스 추가
250411_133000176335.jpg,이물검출_학습데이터1,train,김치+대상 객체,손상우,EDITED,PASS,"박스크기 수정 ,"
250411_133144794149.jpg,이물검출_학습데이터1,train,김치+대상 객체,손상우,EDITED,PASS,"갈변,1번 추가"
250411_133236119624.jpg,이물검출_학습데이터1,train,김치+대상 객체,손상우,DONE,PASS,
250411_133329581087.jpg,이물검출_학습데이터1,train,김치+대상 객체,손상우,DONE,PASS,1번추가
250411_133415890554.jpg,이물검출_학습데이터1,train,김치+대상 객체,손상우,EDITED,PASS,
250411_133502277094.jpg,이물검출_학습데이터1,train,김치+대상 객체,손상우,DONE,PASS,
250411_133550188212.jpg,이물검출_학습데이터1,train,김치+대상 객체,손상우,EDITED,PASS,"1번추가 , 갈변 추가"
250411_133634777214.jpg,이물검출_학습데이터1,train,김치+대상 객체,손상우,EDITED,PASS,"1번추가 , 갈변"
250411_133724174349.jpg,이물검출_학습데이터1,train,김치+대상 객체,손상우,DONE,PASS,1번태그
250411_133957480847.jpg,이물검출_학습데이터1,train,김치+대상 객체,손상우,DONE,PASS,1번 추가
250411_134059250467.jpg,이물검출_학습데이터1,train,김치+대상 객체,손상우,DONE,PASS,1번 추가
250411_134246962589.jpg,이물검출_학습데이터1,train,김치+대상 객체,손상우,DONE,PASS,
250411_134422867708.jpg,이물검출_학습데이터1,train,김치+대상 객체,손상우,DONE,PASS,1번추가
250411_134515221630.jpg,이물검출_학습데이터1,train,김치+대상 객체,손상우,EDITED,PASS,"1번 추가 , 나뭇잎 발견"
250411_134605181933.jpg,이물검출_학습데이터1,train,김치+대상 객체,손상우,DONE,PASS,
250411_134654281384.jpg,이물검출_학습데이터1,train,김치+대상 객체,손상우,EDITED,PASS,"병해 , 1번추가"
250411_134741200055.jpg,이물검출_학습데이터1,train,김치+대상 객체,손상우,DONE,PASS,
250411_134833730976.jpg,이물검출_학습데이터1,train,김치+대상 객체,손상우,DONE,PASS,1번 추가
250411_135120060204.jpg,이물검출_학습데이터1,train,김치+대상 객체,손상우,DONE,PASS,1번추가
250411_135211530132.jpg,이물검출_학습데이터1,train,김치+대상 객체,손상우,DONE,PASS,1번추가
250411_135253570383.jpg,이물검출_학습데이터1,train,김치+대상 객체,손상우,DONE,PASS,1번추가
250411_135341531808.jpg,이물검출_학습데이터1,train,김치+대상 객체,손상우,DONE,PASS,1번추가
250411_140005265446.jpg,이물검출_학습데이터1,train,김치+대상 객체,손상우,DONE,PASS,1번추가
250411_140059718969.jpg,이물검출_학습데이터1,train,김치+대상 객체,손상우,DONE,PASS,1번 추가
250411_140154662081.jpg,이물검출_학습데이터1,train,김치+대상 객체,손상우,DONE,PASS,
250411_140314154941.jpg,이물검출_학습데이터1,train,김치+대상 객체,손상우,DONE,PASS,1번추가
250411_140452731605.jpg,이물검출_학습데이터1,train,김치+대상 객체,강동연,DONE,PASS,
250411_140553670865.jpg,이물검출_학습데이터1,train,김치+대상 객체,강동연,DONE,PASS,6 플라스틱
250411_140647006979.jpg,이물검출_학습데이터1,train,김치+대상 객체,강동연,DONE,PASS,
250411_140734845588.jpg,이물검출_학습데이터1,train,김치+대상 객체,강동연,DONE,PASS,
250411_140826997754.jpg,이물검출_학습데이터1,train,김치+대상 객체,강동연,DONE,PASS,
250411_140908232349.jpg,이물검출_학습데이터1,train,김치+대상 객체,강동연,DONE,PASS,
250411_140956814957.jpg,이물검출_학습데이터1,train,김치+대상 객체,강동연,EDITED,PASS,6 플라스틱
250411_141042153876.jpg,이물검출_학습데이터1,train,김치+대상 객체,강동연,DONE,PASS,6 플라스틱
250411_141717372582.jpg,이물검출_학습데이터1,train,김치+대상 객체,강동연,DONE,PASS,
250411_141809689183.jpg,이물검출_학습데이터1,train,김치+대상 객체,강동연,DONE,PASS,
250411_141859877677.jpg,이물검출_학습데이터1,train,김치+대상 객체,강동연,DONE,PASS,
250411_141947463304.jpg,이물검출_학습데이터1,train,김치+대상 객체,강동연,EDITED,PASS,6 플라스틱
250411_142033408182.jpg,이물검출_학습데이터1,train,김치+대상 객체,강동연,DONE,PASS,
250411_142123259727.jpg,이물검출_학습데이터1,train,김치+대상 객체,강동연,DONE,PASS,
250411_142216814830.jpg,이물검출_학습데이터1,train,김치+대상 객체,강동연,DONE,PASS,
250411_142304725518.jpg,이물검출_학습데이터1,train,김치+대상 객체,강동연,DONE,PASS,
250411_142354319596.jpg,이물검출_학습데이터1,train,김치+대상 객체,강동연,DONE,PASS,
250411_151707909443.jpg,이물검출_학습데이터1,train,김치+대상 객체,강동연,DONE,PASS,
250411_151803199511.jpg,이물검출_학습데이터1,train,김치+대상 객체,강동연,DONE,PASS,
250411_151903234059.jpg,이물검출_학습데이터1,train,김치+대상 객체,강동연,EDITED,PASS,6 병해 갈변
250411_152011813992.jpg,이물검출_학습데이터1,train,김치+대상 객체,강동연,DONE,PASS,"6 플라스틱, 7 갈변"
250411_152117347333.jpg,이물검출_학습데이터1,train,김치+대상 객체,강동연,DONE,PASS,6 나뭇잎
250411_152216764651.jpg,이물검출_학습데이터1,train,김치+대상 객체,강동연,EDITED,PASS,"6 플라스틱, 7나뭇잎"
250411_152317457996.jpg,이물검출_학습데이터1,train,김치+대상 객체,강동연,DONE,PASS,
250411_152410462673.jpg,이물검출_학습데이터1,train,김치+대상 객체,강동연,DONE,PASS,
250411_152459280077.jpg,이물검출_학습데이터1,train,김치+대상 객체,강동연,EDITED,PASS,6 갈변
250411_152549760336.jpg,이물검출_학습데이터1,train,김치+대상 객체,강동연,EDITED,PASS,6 갈변
250411_152640864385.jpg,이물검출_학습데이터1,train,김치+대상 객체,강동연,EDITED,PASS,"(6,7)갈변"
250411_152729639809.jpg,이물검출_학습데이터1,train,김치+대상 객체,강동연,DONE,PASS,
250411_152918560135.jpg,이물검출_학습데이터1,train,김치+대상 객체,강동연,EDITED,PASS,6 갈변
250411_153008984132.jpg,이물검출_학습데이터1,train,김치+대상 객체,강동연,DONE,PASS,
250411_153105900410.jpg,이물검출_학습데이터1,train,김치+대상 객체,강동연,DONE,PASS,
250411_153202843304.jpg,이물검출_학습데이터1,train,김치+대상 객체,강동연,DONE,PASS,
250411_153351252246.jpg,이물검출_학습데이터1,train,김치+대상 객체,강동연,DONE,PASS,
250411_153708642128.jpg,이물검출_학습데이터1,train,김치+대상 객체,강동연,EDITED,PASS,6 갈변
250411_153808979651.jpg,이물검출_학습데이터1,train,김치+대상 객체,강동연,DONE,PASS,
250411_153940519769.jpg,이물검출_학습데이터1,train,김치+대상 객체,강동연,EDITED,PASS,6 갈변
250411_154031477357.jpg,이물검출_학습데이터1,train,김치+대상 객체,강동연,DONE,PASS,6 플라스틱
250411_154123030062.jpg,이물검출_학습데이터1,train,김치+대상 객체,강동연,DONE,PASS,
250411_154545289934.jpg,이물검출_학습데이터1,train,김치+대상 객체,강동연,DONE,PASS,
250411_154632400103.jpg,이물검출_학습데이터1,train,김치+대상 객체,강동연,EDITED,PASS,6 갈변
250411_154812203890.jpg,이물검출_학습데이터1,train,김치+대상 객체,강동연,DONE,PASS,
250411_154949761626.jpg,이물검출_학습데이터1,train,김치+대상 객체,강동연,EDITED,PASS,6 갈변
250411_155040808617.jpg,이물검출_학습데이터1,train,김치+대상 객체,강동연,EDITED,PASS,6 갈변
250411_155128186558.jpg,이물검출_학습데이터1,train,김치+대상 객체,강동연,EDITED,PASS,6 갈변
250411_155257817932.jpg,이물검출_학습데이터1,train,김치+대상 객체,강동연,EDITED,PASS,6 갈변
250411_155343382262.jpg,이물검출_학습데이터1,train,김치+대상 객체,강동연,DONE,PASS,
250411_155428154120.jpg,이물검출_학습데이터1,train,김치+대상 객체,강동연,EDITED,PASS,7 갈변
250411_155518151067.jpg,이물검출_학습데이터1,train,김치+대상 객체,강동연,DONE,PASS,
250411_155607936718.jpg,이물검출_학습데이터1,train,김치+대상 객체,강동연,EDITED,PASS,6 갈변
250411_155701963331.jpg,이물검출_학습데이터1,train,김치+대상 객체,강동연,EDITED,PASS,"6,7 플라스틱"
250411_155751552207.jpg,이물검출_학습데이터1,train,김치+대상 객체,강동연,DONE,PASS,
250411_155836164875.jpg,이물검출_학습데이터1,train,김치+대상 객체,손상우,EDITED,PASS,"플라스틱,나뭇가지"
250411_155922338003.jpg,이물검출_학습데이터1,train,김치+대상 객체,손상우,EDITED,PASS,"플라스틱 , 병해 갈변"
250411_160015579183.jpg,이물검출_학습데이터1,train,김치+대상 객체,손상우,DONE,PASS,플라스틱
250411_160102367806.jpg,이물검출_학습데이터1,train,김치+대상 객체,손상우,EDITED,PASS,"플라스틱, 병해 갈변"
250411_160154461519.jpg,이물검출_학습데이터1,train,김치+대상 객체,손상우,EDITED,PASS,병해갈변
250411_160242359691.jpg,이물검출_학습데이터1,train,김치+대상 객체,손상우,DONE,PASS,
250411_160457010505.jpg,이물검출_학습데이터1,train,김치+대상 객체,손상우,EDITED,PASS,플라스틱
250411_160552248555.jpg,이물검출_학습데이터1,train,김치+대상 객체,손상우,DONE,PASS,
250411_160638581161.jpg,이물검출_학습데이터1,train,김치+대상 객체,손상우,DONE,PASS,병해 갈변
250411_160736641056.jpg,이물검출_학습데이터1,train,김치+대상 객체,손상우,DONE,PASS,
250411_160944442902.jpg,이물검출_학습데이터1,train,김치+대상 객체,손상우,DONE,PASS,
250411_161041048519.jpg,이물검출_학습데이터1,train,김치+대상 객체,손상우,DONE,PASS,
250411_161335497942.jpg,이물검출_학습데이터1,train,김치+대상 객체,손상우,DONE,PASS,
250411_161459121635.jpg,이물검출_학습데이터1,train,김치+대상 객체,손상우,DONE,PASS,
250411_161601751564.jpg,이물검출_학습데이터1,train,김치+대상 객체,손상우,EDITED,PASS,병해 갈변
250411_161718524589.jpg,이물검출_학습데이터1,train,김치+대상 객체,손상우,DONE,PASS,병해 갈변
250411_161815507507.jpg,이물검출_학습데이터1,train,김치+대상 객체,손상우,DONE,PASS,병해 갈변
250411_161918392744.jpg,이물검출_학습데이터1,train,김치+대상 객체,손상우,DONE,PASS,플라스틱
250411_162212242373.jpg,이물검출_학습데이터1,train,김치+대상 객체,손상우,DONE,PASS,
250411_162312139510.jpg,이물검출_학습데이터1,train,김치+대상 객체,손상우,DONE,PASS,플라스틱
250411_162447162532.jpg,이물검출_학습데이터1,train,김치+대상 객체,손상우,DONE,PASS,"플라스틱,  병해 갈변"
250411_162756223396.jpg,이물검출_학습데이터1,train,김치+대상 객체,손상우,EDITED,PASS,병해 갈변
250411_162929801419.jpg,이물검출_학습데이터1,train,김치+대상 객체,손상우,EDITED,PASS,"플라스틱, 병해 갈변"
250411_163007238647.jpg,이물검출_학습데이터1,train,김치+대상 객체,손상우,DONE,PASS,나뭇가지
250411_163054857361.jpg,이물검출_학습데이터1,train,김치+대상 객체,손상우,EDITED,PASS,플라스틱
250411_163141810871.jpg,이물검출_학습데이터1,train,김치+대상 객체,손상우,DONE,PASS,병해 갈변
250424_105909724238.jpg,이물검출_학습데이터1,train,김치+대상 객체,손상우,DONE,PASS,"병해 갈변,"
250424_110118712995.jpg,이물검출_학습데이터1,train,김치+대상 객체,손상우,DONE,PASS,플라스틱
250424_110200584818.jpg,이물검출_학습데이터1,train,김치+대상 객체,손상우,DONE,PASS,
250424_110233789711.jpg,이물검출_학습데이터1,train,김치+대상 객체,손상우,DONE,PASS,나뭇가지
250424_110456428256.jpg,이물검출_학습데이터1,train,김치+대상 객체,손상우,EDITED,PASS,병해 갈변
250424_110523358494.jpg,이물검출_학습데이터1,train,김치+대상 객체,손상우,DONE,PASS,
250424_110555963740.jpg,이물검출_학습데이터1,train,김치+대상 객체,손상우,EDITED,PASS,"병해 갈변 , 나뭇가지 , 플라스틱"
250424_110621146818.jpg,이물검출_학습데이터1,train,김치+대상 객체,손상우,EDITED,PASS,병해 갈변
250424_110645745568.jpg,이물검출_학습데이터1,train,김치+대상 객체,손상우,DONE,PASS,"나뭇가지,"
250424_110716273731.jpg,이물검출_학습데이터1,train,김치+대상 객체,손상우,EDITED,PASS,
250424_110748018790.jpg,이물검출_학습데이터1,train,김치+대상 객체,손상우,EDITED,PASS,"병해 갈변,"
250424_110825373075.jpg,이물검출_학습데이터1,train,김치+대상 객체,손상우,DONE,PASS,"병해 갈변 , 나뭇가지"
250424_110907410038.jpg,이물검출_학습데이터1,train,김치+대상 객체,손상우,EDITED,PASS,"나뭇가지 , 병해 갈변"
250424_110954320748.jpg,이물검출_학습데이터1,train,김치+대상 객체,손상우,DONE,PASS,
250424_111020116028.jpg,이물검출_학습데이터1,train,김치+대상 객체,손상우,EDITED,PASS,나뭇가지 추가
250424_111201206403.jpg,이물검출_학습데이터1,train,김치+대상 객체,손상우,EDITED,PASS,2 나뭇가지 1 플라스틱 추가
250424_111226617441.jpg,이물검출_학습데이터1,train,김치+대상 객체,손상우,EDITED,PASS,2 나뭇가지
250424_111302561521.jpg,이물검출_학습데이터1,train,김치+대상 객체,손상우,EDITED,PASS,2나뭇가지
250424_111415135407.jpg,이물검출_학습데이터1,train,김치+대상 객체,손상우,DONE,PASS,2 나뭇가지
250424_111454886462.jpg,이물검출_학습데이터1,train,김치+대상 객체,손상우,EDITED,PASS,병해 갈변
250424_111525566429.jpg,이물검출_학습데이터1,train,김치+대상 객체,손상우,DONE,PASS,
250424_111555047880.jpg,이물검출_학습데이터1,train,김치+대상 객체,손상우,DONE,PASS,병해 갈변
250424_111632364928.jpg,이물검출_학습데이터1,train,김치+대상 객체,손상우,DONE,PASS,
250424_111713850672.jpg,이물검출_학습데이터1,train,김치+대상 객체,손상우,EDITED,PASS,2 나뭇가지 추가
250424_111810266612.jpg,이물검출_학습데이터1,train,김치+대상 객체,손상우,DONE,PASS,
250424_111900294585.jpg,이물검출_학습데이터1,train,김치+대상 객체,손상우,DONE,PASS,
250424_111931005322.jpg,이물검출_학습데이터1,train,김치+대상 객체,손상우,EDITED,PASS,"2 나뭇가지 추가 ,"
250424_112004831679.jpg,이물검출_학습데이터1,train,김치+대상 객체,손상우,EDITED,PASS,"2 나뭇가지 발견 , 병해 갈변"
250424_112034421928.jpg,이물검출_학습데이터1,train,김치+대상 객체,손상우,DONE,PASS,
250424_112106131252.jpg,이물검출_학습데이터1,train,김치+대상 객체,손상우,DONE,PASS,2 나뭇가지 발견
250424_112139655659.jpg,이물검출_학습데이터1,train,김치+대상 객체,손상우,DONE,PASS,
250424_112224118014.jpg,이물검출_학습데이터1,train,김치+대상 객체,손상우,DONE,PASS,
250424_112343085390.jpg,이물검출_학습데이터1,train,김치+대상 객체,손상우,DONE,PASS,
250424_112408452967.jpg,이물검출_학습데이터1,train,김치+대상 객체,손상우,DONE,PASS,
250424_112445358653.jpg,이물검출_학습데이터1,train,김치+대상 객체,손상우,DONE,PASS,
250424_112626180721.jpg,이물검출_학습데이터1,train,김치+대상 객체,손상우,DONE,PASS,
250424_112818764337.jpg,이물검출_학습데이터1,train,김치+대상 객체,손상우,DONE,PASS,
250424_112841184247.jpg,이물검출_학습데이터1,train,김치+대상 객체,손상우,DONE,PASS,
250424_112924042782.jpg,이물검출_학습데이터1,train,김치+대상 객체,손상우,DONE,PASS,
250424_114506760277.jpg,이물검출_학습데이터1,train,김치+대상 객체,손상우,EDITED,PASS,갈변
250424_114610718081.jpg,이물검출_학습데이터1,train,김치+대상 객체,손상우,DONE,PASS,
250424_114647549614.jpg,이물검출_학습데이터1,train,김치+대상 객체,손상우,DONE,PASS,
250424_114709957499.jpg,이물검출_학습데이터1,train,김치+대상 객체,지혜성,DONE,PASS,
250424_114731998378.jpg,이물검출_학습데이터1,train,김치+대상 객체,지혜성,DONE,PASS,
250424_114834243086.jpg,이물검출_학습데이터1,train,김치+대상 객체,지혜성,DONE,PASS,
250424_114911512397.jpg,이물검출_학습데이터1,train,김치+대상 객체,지혜성,DONE,PASS,
250424_114929077449.jpg,이물검출_학습데이터1,train,김치+대상 객체,지혜성,DONE,PASS,
250424_114951512715.jpg,이물검출_학습데이터1,train,김치+대상 객체,지혜성,DONE,PASS,
250424_115021023301.jpg,이물검출_학습데이터1,train,김치+대상 객체,지혜성,DONE,PASS,
250424_115042694119.jpg,이물검출_학습데이터1,train,김치+대상 객체,지혜성,DONE,PASS,
250424_115104493302.jpg,이물검출_학습데이터1,train,김치+대상 객체,지혜성,DONE,PASS,
250424_115126242024.jpg,이물검출_학습데이터1,train,김치+대상 객체,지혜성,DONE,PASS,
250424_115154083033.jpg,이물검출_학습데이터1,train,김치+대상 객체,지혜성,DONE,PASS,
250424_115215894054.jpg,이물검출_학습데이터1,train,김치+대상 객체,지혜성,DONE,PASS,
250424_115252382931.jpg,이물검출_학습데이터1,train,김치+대상 객체,지혜성,DONE,PASS,
250424_115322964196.jpg,이물검출_학습데이터1,train,김치+대상 객체,지혜성,DONE,PASS,
250424_115344852900.jpg,이물검출_학습데이터1,train,김치+대상 객체,지혜성,EDITED,PASS,
250424_115411440722.jpg,이물검출_학습데이터1,train,김치+대상 객체,지혜성,EDITED,PASS,
250424_115429203755.jpg,이물검출_학습데이터1,train,김치+대상 객체,지혜성,DONE,PASS,
250424_115451303584.jpg,이물검출_학습데이터1,train,김치+대상 객체,지혜성,DONE,PASS,
250424_131214458981.jpg,이물검출_학습데이터1,train,김치+대상 객체,지혜성,EDITED,PASS,
250424_131237407672.jpg,이물검출_학습데이터1,train,김치+대상 객체,지혜성,DONE,PASS,
250424_131333355993.jpg,이물검출_학습데이터1,train,김치+대상 객체,지혜성,EDITED,PASS,
250424_131408934842.jpg,이물검출_학습데이터1,train,김치+대상 객체,지혜성,DONE,PASS,
250424_131628719461.jpg,이물검출_학습데이터1,train,김치+대상 객체,지혜성,DONE,PASS,
250424_131652631597.jpg,이물검출_학습데이터1,train,김치+대상 객체,지혜성,EDITED,PASS,
250424_131717240598.jpg,이물검출_학습데이터1,train,김치+대상 객체,지혜성,DONE,PASS,
250424_131814741865.jpg,이물검출_학습데이터1,train,김치+대상 객체,지혜성,DONE,PASS,
250424_131847882251.jpg,이물검출_학습데이터1,train,김치+대상 객체,지혜성,EDITED,PASS,
250424_131927234268.jpg,이물검출_학습데이터1,train,김치+대상 객체,지혜성,DONE,PASS,
250424_132230751822.jpg,이물검출_학습데이터1,train,김치+대상 객체,지혜성,EDITED,PASS,
250424_132300685668.jpg,이물검출_학습데이터1,train,김치+대상 객체,지혜성,DONE,PASS,
250424_132322938300.jpg,이물검출_학습데이터1,train,김치+대상 객체,지혜성,EDITED,PASS,
250424_132349669195.jpg,이물검출_학습데이터1,train,김치+대상 객체,지혜성,EDITED,PASS,
250424_132551814312.jpg,이물검출_학습데이터1,train,김치+대상 객체,지혜성,DONE,PASS,
250424_132624325595.jpg,이물검출_학습데이터1,train,김치+대상 객체,지혜성,DONE,PASS,
250424_132651301309.jpg,이물검출_학습데이터1,train,김치+대상 객체,지혜성,EDITED,PASS,
250424_132732143495.jpg,이물검출_학습데이터1,train,김치+대상 객체,지혜성,DONE,PASS,
250424_132758494169.jpg,이물검출_학습데이터1,train,김치+대상 객체,지혜성,DONE,PASS,
250424_133043450183.jpg,이물검출_학습데이터1,train,김치+대상 객체,지혜성,EDITED,PASS,
250424_133117662886.jpg,이물검출_학습데이터1,train,김치+대상 객체,지혜성,DONE,PASS,
250424_133202379766.jpg,이물검출_학습데이터1,train,김치+대상 객체,지혜성,DONE,PASS,
250424_133236037318.jpg,이물검출_학습데이터1,train,김치+대상 객체,지혜성,DONE,PASS,
250424_133306190678.jpg,이물검출_학습데이터1,train,김치+대상 객체,지혜성,DONE,PASS,
250424_133336623350.jpg,이물검출_학습데이터1,train,김치+대상 객체,지혜성,EDITED,PASS,
250424_133357022002.jpg,이물검출_학습데이터1,train,김치+대상 객체,지혜성,EDITED,PASS,
250424_133529972703.jpg,이물검출_학습데이터1,train,김치+대상 객체,지혜성,DONE,PASS,
250424_133629807292.jpg,이물검출_학습데이터1,train,김치+대상 객체,지혜성,DONE,PASS,
250424_133656915044.jpg,이물검출_학습데이터1,train,김치+대상 객체,지혜성,DONE,PASS,
250424_133722168136.jpg,이물검출_학습데이터1,train,김치+대상 객체,지혜성,DONE,PASS,
250424_133746717037.jpg,이물검출_학습데이터1,train,김치+대상 객체,지혜성,DONE,PASS,
250424_133848190733.jpg,이물검출_학습데이터1,train,김치+대상 객체,지혜성,EDITED,PASS,
250424_133917633597.jpg,이물검출_학습데이터1,train,김치+대상 객체,지혜성,DONE,PASS,
250424_133952219104.jpg,이물검출_학습데이터1,train,김치+대상 객체,지혜성,DONE,PASS,
250424_134022709122.jpg,이물검출_학습데이터1,train,김치+대상 객체,지혜성,EDITED,PASS,
250424_134045604000.jpg,이물검출_학습데이터1,train,김치+대상 객체,지혜성,DONE,PASS,
250424_134108731645.jpg,이물검출_학습데이터1,train,김치+대상 객체,지혜성,DONE,PASS,
250424_134126674217.jpg,이물검출_학습데이터1,train,김치+대상 객체,지혜성,DONE,PASS,
250424_134151883902.jpg,이물검출_학습데이터1,train,김치+대상 객체,지혜성,DONE,PASS,
250424_134225907817.jpg,이물검출_학습데이터1,train,김치+대상 객체,지혜성,DONE,PASS,
250424_134312393649.jpg,이물검출_학습데이터1,train,김치+대상 객체,지혜성,DONE,PASS,
250424_134338803481.jpg,이물검출_학습데이터1,train,김치+대상 객체,지혜성,EDITED,PASS,
250424_134406959434.jpg,이물검출_학습데이터1,train,김치+대상 객체,지혜성,EDITED,PASS,
250424_134458172998.jpg,이물검출_학습데이터1,train,김치+대상 객체,지혜성,DONE,PASS,
250424_134638430765.jpg,이물검출_학습데이터1,train,김치+대상 객체,지혜성,EDITED,PASS,
250424_134742403318.jpg,이물검출_학습데이터1,train,김치+대상 객체,지혜성,EDITED,PASS,
250424_134810265899.jpg,이물검출_학습데이터1,train,김치+대상 객체,지혜성,DONE,PASS,
250424_135259190207.jpg,이물검출_학습데이터1,train,김치+대상 객체,지혜성,DONE,PASS,
250424_135403978558.jpg,이물검출_학습데이터1,train,김치+대상 객체,지혜성,DONE,PASS,
250424_135501509505.jpg,이물검출_학습데이터1,train,김치+대상 객체,지혜성,DONE,PASS,
250424_135531230106.jpg,이물검출_학습데이터1,train,김치+대상 객체,지혜성,EDITED,PASS,
250424_135619213899.jpg,이물검출_학습데이터1,train,김치+대상 객체,지혜성,DONE,PASS,
250424_135655980687.jpg,이물검출_학습데이터1,train,김치+대상 객체,지혜성,EDITED,PASS,
250424_135732439823.jpg,이물검출_학습데이터1,train,김치+대상 객체,지혜성,DONE,PASS,
250424_135756404426.jpg,이물검출_학습데이터1,train,김치+대상 객체,지혜성,EDITED,PASS,
250424_135855115910.jpg,이물검출_학습데이터1,train,김치+대상 객체,지혜성,EDITED,PASS,
250424_135944045455.jpg,이물검출_학습데이터1,train,김치+대상 객체,지혜성,DONE,PASS,
250424_140037360411.jpg,이물검출_학습데이터1,train,김치+대상 객체,지혜성,DONE,PASS,
250424_140115786154.jpg,이물검출_학습데이터1,train,김치+대상 객체,지혜성,DONE,PASS,
250424_140721608012.jpg,이물검출_학습데이터1,train,김치+대상 객체,지혜성,EDITED,PASS,
250424_140751922758.jpg,이물검출_학습데이터1,train,김치+대상 객체,지혜성,DONE,PASS,
250424_140827554248.jpg,이물검출_학습데이터1,train,김치+대상 객체,지혜성,DONE,PASS,
250424_141205147850.jpg,이물검출_학습데이터1,train,김치+대상 객체,지혜성,DONE,PASS,
250424_141236657334.jpg,이물검출_학습데이터1,train,김치+대상 객체,지혜성,DONE,PASS,
250424_141311988574.jpg,이물검출_학습데이터1,train,김치+대상 객체,지혜성,EDITED,PASS,
250424_141347737368.jpg,이물검출_학습데이터1,train,김치+대상 객체,지혜성,DONE,PASS,
250424_141414962071.jpg,이물검출_학습데이터1,train,김치+대상 객체,지혜성,DONE,PASS,
250424_141451512347.jpg,이물검출_학습데이터1,train,김치+대상 객체,지혜성,EDITED,PASS,
250424_141518822839.jpg,이물검출_학습데이터1,train,김치+대상 객체,지혜성,EDITED,PASS,
250424_141556763818.jpg,이물검출_학습데이터1,train,김치+대상 객체,지혜성,DONE,PASS,
250424_141625234055.jpg,이물검출_학습데이터1,train,김치+대상 객체,지혜성,DONE,PASS,
250424_141652963394.jpg,이물검출_학습데이터1,train,김치+대상 객체,지혜성,DONE,PASS,
250424_141749469834.jpg,이물검출_학습데이터1,train,김치+대상 객체,지혜성,EDITED,PASS,
250424_141831775241.jpg,이물검출_학습데이터1,train,김치+대상 객체,지혜성,DONE,PASS,
250424_141936963734.jpg,이물검출_학습데이터1,train,김치+대상 객체,지혜성,DONE,PASS,
250424_142024804916.jpg,이물검출_학습데이터1,train,김치+대상 객체,지혜성,DONE,PASS,
250424_142046745378.jpg,이물검출_학습데이터1,train,김치+대상 객체,지혜성,DONE,PASS,
250424_142109515979.jpg,이물검출_학습데이터1,train,김치+대상 객체,지혜성,DONE,PASS,
250424_142134495262.jpg,이물검출_학습데이터1,train,김치+대상 객체,지혜성,EDITED,PASS,
250424_142211379999.jpg,이물검출_학습데이터1,train,김치+대상 객체,지혜성,DONE,PASS,
250424_142245033292.jpg,이물검출_학습데이터1,train,김치+대상 객체,지혜성,DONE,PASS,
250424_142310994229.jpg,이물검출_학습데이터1,train,김치+대상 객체,지혜성,DONE,PASS,
250424_142338011529.jpg,이물검출_학습데이터1,train,김치+대상 객체,지혜성,DONE,PASS,
250424_142408511885.jpg,이물검출_학습데이터1,train,김치+대상 객체,지혜성,DONE,PASS,
250424_142451194734.jpg,이물검출_학습데이터1,train,김치+대상 객체,지혜성,DONE,PASS,
250424_142525298132.jpg,이물검출_학습데이터1,train,김치+대상 객체,지혜성,EDITED,PASS,
250424_142552771765.jpg,이물검출_학습데이터1,train,김치+대상 객체,지혜성,DONE,PASS,
250424_142625989941.jpg,이물검출_학습데이터1,train,김치+대상 객체,지혜성,DONE,PASS,
250424_142652562190.jpg,이물검출_학습데이터1,train,김치+대상 객체,지혜성,DONE,PASS,
250424_142728989367.jpg,이물검출_학습데이터1,train,김치+대상 객체,지혜성,DONE,PASS,
250424_142806480763.jpg,이물검출_학습데이터1,train,김치+대상 객체,지혜성,DONE,PASS,
250424_142834656188.jpg,이물검출_학습데이터1,train,김치+대상 객체,지혜성,DONE,PASS,
250424_142911137938.jpg,이물검출_학습데이터1,train,김치+대상 객체,지혜성,DONE,PASS,
250424_142938362989.jpg,이물검출_학습데이터1,train,김치+대상 객체,지혜성,DONE,PASS,
250424_143017228317.jpg,이물검출_학습데이터1,train,김치+대상 객체,지혜성,DONE,PASS,
250424_143044127420.jpg,이물검출_학습데이터1,train,김치+대상 객체,지혜성,DONE,PASS,
250424_143107609014.jpg,이물검출_학습데이터1,train,김치+대상 객체,지혜성,DONE,PASS,
250424_143141044687.jpg,이물검출_학습데이터1,train,김치+대상 객체,지혜성,DONE,PASS,
250424_143219410463.jpg,이물검출_학습데이터1,train,김치+대상 객체,지혜성,DONE,PASS,
250424_143340574867.jpg,이물검출_학습데이터1,train,김치+대상 객체,지혜성,DONE,PASS,
250424_143423334547.jpg,이물검출_학습데이터1,train,김치+대상 객체,지혜성,DONE,PASS,
250424_143523864568.jpg,이물검출_학습데이터1,train,김치+대상 객체,지혜성,DONE,PASS,
250424_150320374794.jpg,이물검출_학습데이터1,train,김치+대상 객체,지혜성,DONE,PASS,
250424_150530068599.jpg,이물검출_학습데이터1,train,김치+대상 객체,지혜성,DONE,PASS,
250424_150601578171.jpg,이물검출_학습데이터1,train,김치+대상 객체,지혜성,DONE,PASS,
250424_150626550405.jpg,이물검출_학습데이터1,train,김치+대상 객체,지혜성,DONE,PASS,
250424_150726922844.jpg,이물검출_학습데이터1,train,김치+대상 객체,지혜성,DONE,PASS,
250424_150751737200.jpg,이물검출_학습데이터1,train,김치+대상 객체,지혜성,DONE,PASS,
250424_150908898857.jpg,이물검출_학습데이터1,train,김치+대상 객체,지혜성,DONE,PASS,
250424_150932563138.jpg,이물검출_학습데이터1,train,김치+대상 객체,지혜성,DONE,PASS,
250424_151045537032.jpg,이물검출_학습데이터1,train,김치+대상 객체,지혜성,DONE,PASS,
250424_151110625683.jpg,이물검출_학습데이터1,train,김치+대상 객체,지혜성,DONE,PASS,
250424_151144785207.jpg,이물검출_학습데이터1,train,김치+대상 객체,지혜성,DONE,PASS,
250424_151209385709.jpg,이물검출_학습데이터1,train,김치+대상 객체,지혜성,DONE,PASS,
250424_151249899389.jpg,이물검출_학습데이터1,train,김치+대상 객체,지혜성,EDITED,PASS,
250424_151328835745.jpg,이물검출_학습데이터1,train,김치+대상 객체,지혜성,DONE,PASS,
250424_151431421246.jpg,이물검출_학습데이터1,train,김치+대상 객체,지혜성,DONE,PASS,
250424_151459859261.jpg,이물검출_학습데이터1,train,김치+대상 객체,지혜성,DONE,PASS,
250424_151612445088.jpg,이물검출_학습데이터1,train,김치+대상 객체,지혜성,DONE,PASS,
250424_151649731424.jpg,이물검출_학습데이터1,train,김치+대상 객체,지혜성,DONE,PASS,
250424_151740506562.jpg,이물검출_학습데이터1,train,김치+대상 객체,지혜성,DONE,PASS,
250424_152218486902.jpg,이물검출_학습데이터1,train,김치+대상 객체,지혜성,DONE,PASS,
250424_152301409922.jpg,이물검출_학습데이터2,train,김치+대상 객체,김석범,EDITED,PASS,나뭇잎 종이류 이상 검출
250424_152336292034.jpg,이물검출_학습데이터2,train,김치+대상 객체,김석범,DONE,PASS,
250424_152358815799.jpg,이물검출_학습데이터2,train,김치+대상 객체,김석범,DONE,PASS,
250424_152433490577.jpg,이물검출_학습데이터2,train,김치+대상 객체,김석범,DONE,PASS,
250424_152545483072.jpg,이물검출_학습데이터2,train,김치+대상 객체,김석범,EDITED,PASS,라벨BBox안맞음
250424_152633071901.jpg,이물검출_학습데이터2,train,김치+대상 객체,김석범,DONE,PASS,
250424_152713073232.jpg,이물검출_학습데이터2,train,김치+대상 객체,김석범,DONE,PASS,
250424_152817392808.jpg,이물검출_학습데이터2,train,김치+대상 객체,김석범,DONE,PASS,
250424_152946197348.jpg,이물검출_학습데이터2,train,김치+대상 객체,김석범,DONE,PASS,
250424_153015693567.jpg,이물검출_학습데이터2,train,김치+대상 객체,김석범,EDITED,PASS,바운딩박스 맞춤 문제
250424_153120277271.jpg,이물검출_학습데이터2,train,김치+대상 객체,김석범,DONE,PASS,
250424_153155248673.jpg,이물검출_학습데이터2,train,김치+대상 객체,김석범,EDITED,PASS,바운딩박스 맞춤문제
250424_153338308367.jpg,이물검출_학습데이터2,train,김치+대상 객체,김석범,EDITED,PASS,바운딩 박스 맞춤 문제
250424_153421707254.jpg,이물검출_학습데이터2,train,김치+대상 객체,김석범,EDITED,PASS,바운딩박스 맞춤
250424_153453270568.jpg,이물검출_학습데이터2,train,김치+대상 객체,김석범,DONE,PASS,
250424_153520639358.jpg,이물검출_학습데이터2,train,김치+대상 객체,김석범,DONE,PASS,
250424_153545918427.jpg,이물검출_학습데이터2,train,김치+대상 객체,김석범,DONE,PASS,
250424_154322097228.jpg,이물검출_학습데이터2,train,김치+대상 객체,김석범,EDITED,PASS,바운딩박스맞춤
250424_154424370442.jpg,이물검출_학습데이터2,train,김치+대상 객체,김석범,EDITED,PASS,바운딩박스 맞춤
250424_154449695884.jpg,이물검출_학습데이터2,train,김치+대상 객체,김석범,DONE,PASS,
250424_154522785740.jpg,이물검출_학습데이터2,train,김치+대상 객체,김석범,DONE,PASS,
250424_154554019457.jpg,이물검출_학습데이터2,train,김치+대상 객체,김석범,EDITED,PASS,갈변 발견
250424_154635713023.jpg,이물검출_학습데이터2,train,김치+대상 객체,김석범,EDITED,PASS,파 발견
250424_154704448893.jpg,이물검출_학습데이터2,train,김치+대상 객체,김석범,EDITED,PASS,
250424_154741377185.jpg,이물검출_학습데이터2,train,김치+대상 객체,김석범,DONE,PASS,
250424_154843279325.jpg,이물검출_학습데이터2,train,김치+대상 객체,김석범,DONE,PASS,
250424_154917407586.jpg,이물검출_학습데이터2,train,김치+대상 객체,김석범,DONE,PASS,
250424_154950467801.jpg,이물검출_학습데이터2,train,김치+대상 객체,김석범,DONE,PASS,
250424_155020308984.jpg,이물검출_학습데이터2,train,김치+대상 객체,김석범,DONE,PASS,
250424_155038372746.jpg,이물검출_학습데이터2,train,김치+대상 객체,김석범,DONE,PASS,
250424_155129094693.jpg,이물검출_학습데이터2,train,김치+대상 객체,김석범,DONE,PASS,
250424_155157438614.jpg,이물검출_학습데이터2,train,김치+대상 객체,김석범,DONE,PASS,
250424_155225119676.jpg,이물검출_학습데이터2,train,김치+대상 객체,김석범,DONE,PASS,
250424_155250067367.jpg,이물검출_학습데이터2,train,김치+대상 객체,김석범,DONE,PASS,
250424_155322980630.jpg,이물검출_학습데이터2,train,김치+대상 객체,김석범,DONE,PASS,
250424_155351657201.jpg,이물검출_학습데이터2,train,김치+대상 객체,김석범,DONE,PASS,
250424_155415756891.jpg,이물검출_학습데이터2,train,김치+대상 객체,김석범,DONE,PASS,
250424_155439226083.jpg,이물검출_학습데이터2,train,김치+대상 객체,김석범,DONE,PASS,
250424_155512166104.jpg,이물검출_학습데이터2,train,김치+대상 객체,김석범,DONE,PASS,
250424_155536501884.jpg,이물검출_학습데이터2,train,김치+대상 객체,김석범,DONE,PASS,
250424_155603348923.jpg,이물검출_학습데이터2,train,김치+대상 객체,김석범,DONE,PASS,
250424_155719300374.jpg,이물검출_학습데이터2,train,김치+대상 객체,김석범,DONE,PASS,
250424_155753466380.jpg,이물검출_학습데이터2,train,김치+대상 객체,김석범,DONE,PASS,
250424_155824864441.jpg,이물검출_학습데이터2,train,김치+대상 객체,김석범,DONE,PASS,
250424_155925517432.jpg,이물검출_학습데이터2,train,김치+대상 객체,김석범,DONE,PASS,
250424_160002175452.jpg,이물검출_학습데이터2,train,김치+대상 객체,김석범,DONE,PASS,
250424_160059103717.jpg,이물검출_학습데이터2,train,김치+대상 객체,김석범,DONE,PASS,
250424_160124271601.jpg,이물검출_학습데이터2,train,김치+대상 객체,김석범,DONE,PASS,
250424_160154484717.jpg,이물검출_학습데이터2,train,김치+대상 객체,김석범,DONE,PASS,
250424_160247658866.jpg,이물검출_학습데이터2,train,김치+대상 객체,김석범,DONE,PASS,
250424_160303658850.jpg,이물검출_학습데이터2,train,김치+대상 객체,김석범,DONE,PASS,
250424_160324182339.jpg,이물검출_학습데이터2,train,김치+대상 객체,김석범,DONE,PASS,
250424_160343037975.jpg,이물검출_학습데이터2,train,김치+대상 객체,김석범,DONE,PASS,
250424_160408720170.jpg,이물검출_학습데이터2,train,김치+대상 객체,김석범,DONE,PASS,
250424_160438120135.jpg,이물검출_학습데이터2,train,김치+대상 객체,김석범,EDITED,PASS,바운딩박스 맞춤
250424_160456860690.jpg,이물검출_학습데이터2,train,김치+대상 객체,김석범,DONE,PASS,
250424_160532201123.jpg,이물검출_학습데이터2,train,김치+대상 객체,김석범,DONE,PASS,
250424_160546850518.jpg,이물검출_학습데이터2,train,김치+대상 객체,김석범,DONE,PASS,
250424_164033250654.jpg,이물검출_학습데이터2,train,김치+대상 객체,김석범,DONE,PASS,
250424_164205945780.jpg,이물검출_학습데이터2,train,김치+대상 객체,김석범,DONE,PASS,
250424_164310605033.jpg,이물검출_학습데이터2,train,김치+대상 객체,김석범,DONE,PASS,
250424_164338285940.jpg,이물검출_학습데이터2,train,김치+대상 객체,김석범,EDITED,PASS,바운딩박스 맞춤
250424_164415645065.jpg,이물검출_학습데이터2,train,김치+대상 객체,김석범,DONE,PASS,
250424_164455938988.jpg,이물검출_학습데이터2,train,김치+대상 객체,김석범,EDITED,PASS,바운딩박스 맞춤
250424_164535209801.jpg,이물검출_학습데이터2,train,김치+대상 객체,김석범,DONE,PASS,
250424_164637508527.jpg,이물검출_학습데이터2,train,김치+대상 객체,김석범,DONE,PASS,
250424_164708984954.jpg,이물검출_학습데이터2,train,김치+대상 객체,김석범,EDITED,PASS,파 고추 발견
250424_164734340835.jpg,이물검출_학습데이터2,train,김치+대상 객체,김석범,DONE,PASS,
250424_164801235334.jpg,이물검출_학습데이터2,train,김치+대상 객체,김석범,DONE,PASS,
250424_164836160471.jpg,이물검출_학습데이터2,train,김치+대상 객체,김석범,DONE,PASS,
250424_164910871087.jpg,이물검출_학습데이터2,train,김치+대상 객체,김석범,DONE,PASS,
250424_164942449664.jpg,이물검출_학습데이터2,train,김치+대상 객체,김석범,EDITED,PASS,6 파 고추 확인
250424_165010824897.jpg,이물검출_학습데이터2,train,김치+대상 객체,김석범,EDITED,PASS,6 파고추 발견
250424_165045797026.jpg,이물검출_학습데이터2,train,김치+대상 객체,김석범,DONE,PASS,
250424_165115853593.jpg,이물검출_학습데이터2,train,김치+대상 객체,김석범,DONE,PASS,
250424_165143232306.jpg,이물검출_학습데이터2,train,김치+대상 객체,김석범,DONE,PASS,
250424_165211833951.jpg,이물검출_학습데이터2,train,김치+대상 객체,김석범,DONE,PASS,
250424_165246591612.jpg,이물검출_학습데이터2,train,김치+대상 객체,김석범,EDITED,PASS,0 바운딩박스 맞춤
250424_165316762592.jpg,이물검출_학습데이터2,train,김치+대상 객체,김석범,EDITED,PASS,3 바운딩박스 맞춤
250424_165418497986.jpg,이물검출_학습데이터2,train,김치+대상 객체,김석범,EDITED,PASS,
250424_165440056716.jpg,이물검출_학습데이터2,train,김치+대상 객체,김석범,DONE,PASS,
250424_165505539730.jpg,이물검출_학습데이터2,train,김치+대상 객체,김석범,EDITED,PASS,4 바운딩 박스 맞춤
250424_165529269617.jpg,이물검출_학습데이터2,train,김치+대상 객체,김석범,EDITED,PASS,2 바운딩 박스 맞춤
250424_165553096484.jpg,이물검출_학습데이터2,train,김치+대상 객체,김석범,DONE,PASS,
250424_165639244639.jpg,이물검출_학습데이터2,train,김치+대상 객체,김석범,EDITED,PASS,4 바운딩박스 맞춤
250424_165711484642.jpg,이물검출_학습데이터2,train,김치+대상 객체,김석범,EDITED,PASS,"2,3,5, 바운딩박스 맞춤"
250424_165737940764.jpg,이물검출_학습데이터2,train,김치+대상 객체,김석범,EDITED,PASS,1 바운딩박스 맞춤
250424_165900444499.jpg,이물검출_학습데이터2,train,김치+대상 객체,김석범,DONE,PASS,
250424_165931923085.jpg,이물검출_학습데이터2,train,김치+대상 객체,김석범,DONE,PASS,
250424_170003430959.jpg,이물검출_학습데이터2,train,김치+대상 객체,김석범,EDITED,PASS,4 바운딩박스 맞춤
250424_170032248410.jpg,이물검출_학습데이터2,train,김치+대상 객체,김석범,EDITED,PASS,6 갈변 발견
250424_170112241458.jpg,이물검출_학습데이터2,train,김치+대상 객체,김석범,DONE,PASS,
250424_170156569067.jpg,이물검출_학습데이터2,train,김치+대상 객체,김석범,EDITED,PASS,3 바운딩박스 맞춤
250424_170230154929.jpg,이물검출_학습데이터2,train,김치+대상 객체,김석범,EDITED,PASS,
250424_170251913373.jpg,이물검출_학습데이터2,train,김치+대상 객체,김석범,EDITED,PASS,3 바운딩박스 맞춤
250424_170325776755.jpg,이물검출_학습데이터2,train,김치+대상 객체,김석범,DONE,PASS,
250424_170457181197.jpg,이물검출_학습데이터2,train,김치+대상 객체,김석범,DONE,PASS,
250424_170525843567.jpg,이물검출_학습데이터2,train,김치+대상 객체,김석범,DONE,PASS,
250424_170616179502.jpg,이물검출_학습데이터2,train,김치+대상 객체,김석범,DONE,PASS,
250424_170640733964.jpg,이물검출_학습데이터2,train,김치+대상 객체,김석범,DONE,PASS,
250513_014148760172.jpg,이물검출_학습데이터2,train,대상 객체 단독,김석범,DONE,PASS,
250513_014212675091.jpg,이물검출_학습데이터2,train,대상 객체 단독,김석범,DONE,PASS,
250513_014220423606.jpg,이물검출_학습데이터2,train,대상 객체 단독,김석범,DONE,PASS,
250513_014239750324.jpg,이물검출_학습데이터2,train,대상 객체 단독,김석범,DONE,PASS,
250513_014250690081.jpg,이물검출_학습데이터2,train,대상 객체 단독,김석범,DONE,PASS,
250513_014619552198.jpg,이물검출_학습데이터2,train,대상 객체 단독,김석범,DONE,PASS,
250513_014651188904.jpg,이물검출_학습데이터2,train,대상 객체 단독,김석범,DONE,PASS,
250513_014716701635.jpg,이물검출_학습데이터2,train,대상 객체 단독,김석범,DONE,PASS,
250513_014744740745.jpg,이물검출_학습데이터2,train,대상 객체 단독,김석범,DONE,PASS,
250513_014805286637.jpg,이물검출_학습데이터2,train,대상 객체 단독,김석범,DONE,PASS,
250513_014819436154.jpg,이물검출_학습데이터2,train,대상 객체 단독,김석범,DONE,PASS,
250513_014828866941.jpg,이물검출_학습데이터2,train,대상 객체 단독,김석범,DONE,PASS,
250513_014839145281.jpg,이물검출_학습데이터2,train,대상 객체 단독,김석범,DONE,PASS,
250513_015237273675.jpg,이물검출_학습데이터2,train,대상 객체 단독,김석범,DONE,PASS,
250513_015246673678.jpg,이물검출_학습데이터2,train,대상 객체 단독,김석범,DONE,PASS,
250513_015331540104.jpg,이물검출_학습데이터2,train,대상 객체 단독,김석범,DONE,PASS,
250513_015342343246.jpg,이물검출_학습데이터2,train,대상 객체 단독,김석범,DONE,PASS,
250513_015352753427.jpg,이물검출_학습데이터2,train,대상 객체 단독,김석범,DONE,PASS,
250513_015403580381.jpg,이물검출_학습데이터2,train,대상 객체 단독,김석범,DONE,PASS,
250513_015420675871.jpg,이물검출_학습데이터2,train,대상 객체 단독,김석범,DONE,PASS,
250513_015429479009.jpg,이물검출_학습데이터2,train,대상 객체 단독,김석범,DONE,PASS,
250513_015442042178.jpg,이물검출_학습데이터2,train,대상 객체 단독,김석범,DONE,PASS,
250513_015452233667.jpg,이물검출_학습데이터2,train,대상 객체 단독,김석범,DONE,PASS,
250513_015514809852.jpg,이물검출_학습데이터2,train,대상 객체 단독,김석범,DONE,PASS,
250513_015523209371.jpg,이물검출_학습데이터2,train,대상 객체 단독,김석범,DONE,PASS,
250513_015532932551.jpg,이물검출_학습데이터2,train,대상 객체 단독,김석범,DONE,PASS,
250513_015542447244.jpg,이물검출_학습데이터2,train,대상 객체 단독,김석범,DONE,PASS,
250513_015550523265.jpg,이물검출_학습데이터2,train,대상 객체 단독,김석범,DONE,PASS,
250513_015559001262.jpg,이물검출_학습데이터2,train,대상 객체 단독,김석범,DONE,PASS,
250513_015607259390.jpg,이물검출_학습데이터2,train,대상 객체 단독,김석범,DONE,PASS,
250513_015635581130.jpg,이물검출_학습데이터2,train,대상 객체 단독,김석범,DONE,PASS,
250513_015643998868.jpg,이물검출_학습데이터2,train,대상 객체 단독,김석범,DONE,PASS,
250513_015652352412.jpg,이물검출_학습데이터2,train,대상 객체 단독,김석범,DONE,PASS,
250513_015705034630.jpg,이물검출_학습데이터2,train,대상 객체 단독,김석범,DONE,PASS,
250513_015712687737.jpg,이물검출_학습데이터2,train,대상 객체 단독,김석범,DONE,PASS,
250513_015737558428.jpg,이물검출_학습데이터2,train,대상 객체 단독,김석범,DONE,PASS,
250513_015748335568.jpg,이물검출_학습데이터2,train,대상 객체 단독,김석범,DONE,PASS,
250513_015757121885.jpg,이물검출_학습데이터2,train,대상 객체 단독,김석범,DONE,PASS,
250513_015819340200.jpg,이물검출_학습데이터2,train,대상 객체 단독,김석범,DONE,PASS,
250513_015835050786.jpg,이물검출_학습데이터2,train,대상 객체 단독,김석범,DONE,PASS,
250513_015848527907.jpg,이물검출_학습데이터2,train,대상 객체 단독,김석범,DONE,PASS,
250513_015923922984.jpg,이물검출_학습데이터2,train,대상 객체 단독,김석범,DONE,PASS,
250513_015934463160.jpg,이물검출_학습데이터2,train,대상 객체 단독,김석범,DONE,PASS,
250513_015943430085.jpg,이물검출_학습데이터2,train,대상 객체 단독,김석범,DONE,PASS,
250513_015956702950.jpg,이물검출_학습데이터2,train,대상 객체 단독,김석범,DONE,PASS,
250513_020008155376.jpg,이물검출_학습데이터2,train,대상 객체 단독,김석범,DONE,PASS,
250513_020017027166.jpg,이물검출_학습데이터2,train,대상 객체 단독,김석범,DONE,PASS,
250513_020026421685.jpg,이물검출_학습데이터2,train,대상 객체 단독,김석범,DONE,PASS,
250513_020037160142.jpg,이물검출_학습데이터2,train,대상 객체 단독,김석범,DONE,PASS,
250513_020048358486.jpg,이물검출_학습데이터2,train,대상 객체 단독,김석범,DONE,PASS,
250513_020101011960.jpg,이물검출_학습데이터2,train,대상 객체 단독,김석범,DONE,PASS,
250513_020112593206.jpg,이물검출_학습데이터2,train,대상 객체 단독,김석범,EDITED,PASS,
250513_020126825853.jpg,이물검출_학습데이터2,train,대상 객체 단독,김석범,DONE,PASS,
250513_020141991605.jpg,이물검출_학습데이터2,train,대상 객체 단독,김석범,DONE,PASS,
250513_020150756977.jpg,이물검출_학습데이터2,train,대상 객체 단독,김석범,DONE,PASS,
250513_020204533684.jpg,이물검출_학습데이터2,train,대상 객체 단독,김석범,DONE,PASS,
250513_020212490214.jpg,이물검출_학습데이터2,train,대상 객체 단독,김석범,DONE,PASS,
250513_020225144840.jpg,이물검출_학습데이터2,train,대상 객체 단독,김석범,DONE,PASS,
250513_020233505190.jpg,이물검출_학습데이터2,train,대상 객체 단독,김석범,DONE,PASS,
250513_020250961835.jpg,이물검출_학습데이터2,train,대상 객체 단독,김석범,DONE,PASS,
250513_020304399650.jpg,이물검출_학습데이터2,train,대상 객체 단독,김석범,DONE,PASS,
250513_020320098243.jpg,이물검출_학습데이터2,train,대상 객체 단독,김석범,DONE,PASS,
250513_020337379138.jpg,이물검출_학습데이터2,train,대상 객체 단독,김석범,DONE,PASS,
250513_020402036089.jpg,이물검출_학습데이터2,train,대상 객체 단독,김석범,DONE,PASS,
250513_020421725158.jpg,이물검출_학습데이터2,train,대상 객체 단독,김석범,DONE,PASS,
250513_020431482923.jpg,이물검출_학습데이터2,train,대상 객체 단독,김석범,DONE,PASS,
250513_020440264823.jpg,이물검출_학습데이터2,train,대상 객체 단독,김석범,DONE,PASS,
250513_020502446188.jpg,이물검출_학습데이터2,train,대상 객체 단독,김석범,DONE,PASS,
250513_020519404101.jpg,이물검출_학습데이터2,train,대상 객체 단독,김석범,DONE,PASS,
250513_020538475964.jpg,이물검출_학습데이터2,train,대상 객체 단독,김석범,DONE,PASS,
250513_020549238232.jpg,이물검출_학습데이터2,train,대상 객체 단독,김석범,DONE,PASS,
250513_020558935073.jpg,이물검출_학습데이터2,train,대상 객체 단독,김석범,DONE,PASS,
250513_020611446070.jpg,이물검출_학습데이터2,train,대상 객체 단독,김석범,DONE,PASS,
250513_020621226161.jpg,이물검출_학습데이터2,train,대상 객체 단독,김석범,DONE,PASS,
250513_020633185824.jpg,이물검출_학습데이터2,train,대상 객체 단독,김석범,DONE,PASS,
250513_020644737505.jpg,이물검출_학습데이터2,train,대상 객체 단독,김석범,DONE,PASS,
250513_020743814028.jpg,이물검출_학습데이터2,train,대상 객체 단독,김석범,DONE,PASS,
250513_020750875797.jpg,이물검출_학습데이터2,train,대상 객체 단독,김석범,DONE,PASS,
250513_020804589690.jpg,이물검출_학습데이터2,train,대상 객체 단독,김석범,DONE,PASS,
250513_020818506439.jpg,이물검출_학습데이터2,train,대상 객체 단독,김석범,DONE,PASS,
250513_020832754654.jpg,이물검출_학습데이터2,train,대상 객체 단독,김석범,DONE,PASS,
250513_020846723329.jpg,이물검출_학습데이터2,train,대상 객체 단독,김석범,DONE,PASS,
250513_020915257020.jpg,이물검출_학습데이터2,train,대상 객체 단독,김석범,DONE,PASS,
250513_020943104521.jpg,이물검출_학습데이터2,train,대상 객체 단독,김석범,DONE,PASS,
250513_021003217917.jpg,이물검출_학습데이터2,train,대상 객체 단독,김석범,DONE,PASS,
250513_021015212241.jpg,이물검출_학습데이터2,train,대상 객체 단독,김석범,DONE,PASS,
250513_021046362799.jpg,이물검출_학습데이터2,train,대상 객체 단독,김석범,DONE,PASS,
250513_021108612477.jpg,이물검출_학습데이터2,train,대상 객체 단독,김석범,DONE,PASS,
250513_021119693563.jpg,이물검출_학습데이터2,train,대상 객체 단독,김석범,DONE,PASS,
250513_021126718161.jpg,이물검출_학습데이터2,train,대상 객체 단독,김석범,DONE,PASS,
250513_021137841395.jpg,이물검출_학습데이터2,train,대상 객체 단독,김석범,DONE,PASS,
250513_021144766911.jpg,이물검출_학습데이터2,train,대상 객체 단독,김석범,DONE,PASS,
250513_021150715030.jpg,이물검출_학습데이터2,train,대상 객체 단독,김석범,DONE,PASS,
250513_021157703738.jpg,이물검출_학습데이터2,train,대상 객체 단독,김석범,DONE,PASS,
250513_021204824022.jpg,이물검출_학습데이터2,train,대상 객체 단독,김석범,DONE,PASS,
250513_021213190018.jpg,이물검출_학습데이터2,train,대상 객체 단독,김석범,DONE,PASS,
250513_021224263265.jpg,이물검출_학습데이터2,train,대상 객체 단독,김석범,DONE,PASS,
250513_021233704903.jpg,이물검출_학습데이터2,train,대상 객체 단독,김석범,DONE,PASS,
250513_021240978983.jpg,이물검출_학습데이터2,train,대상 객체 단독,김석범,DONE,PASS,
250513_021249058642.jpg,이물검출_학습데이터2,train,대상 객체 단독,김석범,DONE,PASS,
250513_021305141318.jpg,이물검출_학습데이터2,train,대상 객체 단독,김석범,DONE,PASS,
250513_021344514305.jpg,이물검출_학습데이터2,train,대상 객체 단독,김석범,DONE,PASS,
250513_021357007585.jpg,이물검출_학습데이터2,train,대상 객체 단독,김석범,DONE,PASS,
250513_021405809512.jpg,이물검출_학습데이터2,train,대상 객체 단독,김석범,DONE,PASS,
250513_021406217768.jpg,이물검출_학습데이터2,train,대상 객체 단독,김석범,DONE,PASS,
250513_021413998344.jpg,이물검출_학습데이터2,train,대상 객체 단독,김석범,DONE,PASS,
250513_021424892102.jpg,이물검출_학습데이터2,train,대상 객체 단독,김석범,DONE,PASS,
250513_021435579095.jpg,이물검출_학습데이터2,train,대상 객체 단독,김석범,DONE,PASS,
250513_021445620839.jpg,이물검출_학습데이터2,train,대상 객체 단독,김석범,DONE,PASS,
250513_021503927470.jpg,이물검출_학습데이터2,train,대상 객체 단독,김석범,DONE,PASS,
250513_021522087814.jpg,이물검출_학습데이터2,train,대상 객체 단독,김석범,DONE,PASS,
250513_021539913227.jpg,이물검출_학습데이터2,train,대상 객체 단독,김석범,DONE,PASS,
250513_021549661328.jpg,이물검출_학습데이터2,train,대상 객체 단독,김석범,DONE,PASS,
250513_021558743377.jpg,이물검출_학습데이터2,train,대상 객체 단독,김석범,DONE,PASS,
250513_021615909822.jpg,이물검출_학습데이터2,train,대상 객체 단독,김석범,DONE,PASS,
250513_021628303797.jpg,이물검출_학습데이터2,train,대상 객체 단독,김석범,DONE,PASS,
250513_021646222060.jpg,이물검출_학습데이터2,train,대상 객체 단독,김석범,DONE,PASS,
250513_021653487917.jpg,이물검출_학습데이터2,train,대상 객체 단독,김석범,DONE,PASS,
250513_021702627527.jpg,이물검출_학습데이터2,train,대상 객체 단독,김석범,DONE,PASS,
250513_021711038406.jpg,이물검출_학습데이터2,train,대상 객체 단독,김석범,DONE,PASS,
250410_144532010108.jpg,이물검출_학습데이터2,validation,김치+대상 객체,김동훈,DONE,PASS,
250410_145141723860.jpg,이물검출_학습데이터2,validation,김치+대상 객체,김동훈,EDITED,PASS,라벨링 맞춤 박스
250410_145433197807.jpg,이물검출_학습데이터2,validation,김치+대상 객체,김동훈,DONE,PASS,
250410_150722732261.jpg,이물검출_학습데이터2,validation,김치+대상 객체,김동훈,DONE,PASS,
250410_151837622952.jpg,이물검출_학습데이터2,validation,김치+대상 객체,김동훈,DONE,PASS,
250410_151959551499.jpg,이물검출_학습데이터2,validation,김치+대상 객체,김동훈,DONE,PASS,
250410_152043730782.jpg,이물검출_학습데이터2,validation,김치+대상 객체,김동훈,EDITED,PASS,라벨링 맞춤완료
250410_152154012800.jpg,이물검출_학습데이터2,validation,김치+대상 객체,김동훈,EDITED,PASS,라벨링 맞춤 박스
250410_152458884244.jpg,이물검출_학습데이터2,validation,김치+대상 객체,김동훈,DONE,PASS,
250410_152531781799.jpg,이물검출_학습데이터2,validation,김치+대상 객체,김동훈,DONE,PASS,
250410_155734186034.jpg,이물검출_학습데이터2,validation,김치+대상 객체,김동훈,EDITED,PASS,라벨링 맞춤 박스
250410_155943122243.jpg,이물검출_학습데이터2,validation,김치+대상 객체,김동훈,DONE,PASS,
250410_160155606350.jpg,이물검출_학습데이터2,validation,김치+대상 객체,김동훈,DONE,PASS,
250410_170005947995.jpg,이물검출_학습데이터2,validation,김치+대상 객체,김동훈,DONE,PASS,
250410_170049726315.jpg,이물검출_학습데이터2,validation,김치+대상 객체,김동훈,DONE,PASS,
250410_170944512953.jpg,이물검출_학습데이터2,validation,김치+대상 객체,김동훈,DONE,PASS,
250410_171526553647.jpg,이물검출_학습데이터2,validation,김치+대상 객체,김동훈,DONE,PASS,
250410_172417911438.jpg,이물검출_학습데이터2,validation,김치+대상 객체,김동훈,DONE,PASS,
250410_172828996170.jpg,이물검출_학습데이터2,validation,김치+대상 객체,김동훈,DONE,PASS,
250410_173557486868.jpg,이물검출_학습데이터2,validation,김치+대상 객체,김동훈,EDITED,PASS,라벨링 맞춤 박스
250410_174950640074.jpg,이물검출_학습데이터2,validation,김치+대상 객체,김동훈,DONE,PASS,
250410_175133040999.jpg,이물검출_학습데이터2,validation,김치+대상 객체,김동훈,DONE,PASS,
250410_175310273550.jpg,이물검출_학습데이터2,validation,김치+대상 객체,김동훈,DONE,PASS,
250410_175613332662.jpg,이물검출_학습데이터2,validation,김치+대상 객체,김동훈,DONE,PASS,
250410_180033976404.jpg,이물검출_학습데이터2,validation,김치+대상 객체,김동훈,DONE,PASS,
250410_180117079374.jpg,이물검출_학습데이터2,validation,김치+대상 객체,김동훈,DONE,PASS,
250410_180317754189.jpg,이물검출_학습데이터2,validation,김치+대상 객체,김동훈,DONE,PASS,
250410_181313625145.jpg,이물검출_학습데이터2,validation,김치+대상 객체,김동훈,DONE,PASS,
250410_181519426889.jpg,이물검출_학습데이터2,validation,김치+대상 객체,김동훈,EDITED,PASS,라벨링 박스 맞춤
250410_181608031071.jpg,이물검출_학습데이터2,validation,김치+대상 객체,김동훈,EDITED,PASS,라벨링 박스 맞춤
250410_181914413029.jpg,이물검출_학습데이터2,validation,김치+대상 객체,김동훈,DONE,PASS,
250410_182048797815.jpg,이물검출_학습데이터2,validation,김치+대상 객체,김동훈,DONE,PASS,
250410_182143992189.jpg,이물검출_학습데이터2,validation,김치+대상 객체,김동훈,DONE,PASS,
250410_182834693275.jpg,이물검출_학습데이터2,validation,김치+대상 객체,김동훈,EDITED,PASS,라벨링 맞춤 박스
250410_182921481743.jpg,이물검출_학습데이터2,validation,김치+대상 객체,김동훈,DONE,PASS,
250411_092158458691.jpg,이물검출_학습데이터2,validation,김치+대상 객체,김동훈,DONE,PASS,
250411_092352338943.jpg,이물검출_학습데이터2,validation,김치+대상 객체,김동훈,DONE,PASS,
250411_093234406905.jpg,이물검출_학습데이터2,validation,김치+대상 객체,김동훈,EDITED,PASS,라벨링 박스 맞춤
250411_093324099646.jpg,이물검출_학습데이터2,validation,김치+대상 객체,김동훈,DONE,PASS,
250411_093519741399.jpg,이물검출_학습데이터2,validation,김치+대상 객체,김동훈,DONE,PASS,
250411_093743680890.jpg,이물검출_학습데이터2,validation,김치+대상 객체,김동훈,DONE,PASS,
250411_094259430445.jpg,이물검출_학습데이터2,validation,김치+대상 객체,김동훈,DONE,PASS,
250411_094651666580.jpg,이물검출_학습데이터2,validation,김치+대상 객체,김동훈,DONE,PASS,
250411_095401865132.jpg,이물검출_학습데이터2,validation,김치+대상 객체,김동훈,EDITED,PASS,라벨링 박스 맞춤
250411_095929903223.jpg,이물검출_학습데이터2,validation,김치+대상 객체,김동훈,EDITED,PASS,
250411_100158094554.jpg,이물검출_학습데이터2,validation,김치+대상 객체,김동훈,DONE,PASS,
250411_104718061502.jpg,이물검출_학습데이터2,validation,김치+대상 객체,김동훈,DONE,PASS,
250411_104956612339.jpg,이물검출_학습데이터2,validation,김치+대상 객체,김동훈,EDITED,PASS,
250411_110038287967.jpg,이물검출_학습데이터2,validation,김치+대상 객체,김동훈,EDITED,PASS,
250411_111004245983.jpg,이물검출_학습데이터2,validation,김치+대상 객체,김동훈,EDITED,PASS,라벨링 박스 크기
250411_111136595839.jpg,이물검출_학습데이터2,validation,김치+대상 객체,김동훈,EDITED,PASS,바운딩 박스 맞춤
250411_111313130597.jpg,이물검출_학습데이터2,validation,김치+대상 객체,김동훈,EDITED,PASS,6번 갈변 추가
250411_111440055274.jpg,이물검출_학습데이터2,validation,김치+대상 객체,김동훈,DONE,PASS,
250411_111721406014.jpg,이물검출_학습데이터2,validation,김치+대상 객체,김동훈,DONE,PASS,
250411_112205486359.jpg,이물검출_학습데이터2,validation,김치+대상 객체,김동훈,DONE,PASS,
250411_112446720529.jpg,이물검출_학습데이터2,validation,김치+대상 객체,김동훈,DONE,PASS,
250411_112702519484.jpg,이물검출_학습데이터2,validation,김치+대상 객체,김동훈,DONE,PASS,
250411_112741745606.jpg,이물검출_학습데이터2,validation,김치+대상 객체,김동훈,EDITED,PASS,라벨링 박스 맞춤
250411_113506054354.jpg,이물검출_학습데이터2,validation,김치+대상 객체,김동훈,EDITED,PASS,라벨링 박스 맞춤
250411_113904005033.jpg,이물검출_학습데이터2,validation,김치+대상 객체,김동훈,EDITED,PASS,라벨링 박스 맞춤
250411_133907433178.jpg,이물검출_학습데이터2,validation,김치+대상 객체,김동훈,DONE,PASS,
250411_134156935624.jpg,이물검출_학습데이터2,validation,김치+대상 객체,김동훈,EDITED,PASS,라벨링 박스 맞춤
250411_134338103210.jpg,이물검출_학습데이터2,validation,김치+대상 객체,김동훈,EDITED,PASS,라벨링 박스 맞춤
250411_135428632799.jpg,이물검출_학습데이터2,validation,김치+대상 객체,김동훈,DONE,PASS,라벨링 박스 맞춤
250411_140406550160.jpg,이물검출_학습데이터2,validation,김치+대상 객체,김동훈,EDITED,PASS,라벨링 박스 맞춤
250411_141127764893.jpg,이물검출_학습데이터2,validation,김치+대상 객체,김동훈,EDITED,PASS,라벨링 박스 맞춤
250411_141549265009.jpg,이물검출_학습데이터2,validation,김치+대상 객체,김동훈,EDITED,PASS,라벨링 박스 맞춤
250411_141637675543.jpg,이물검출_학습데이터2,validation,김치+대상 객체,김동훈,EDITED,PASS,라벨링 박스 맞춤
250411_152820604579.jpg,이물검출_학습데이터2,validation,김치+대상 객체,김동훈,EDITED,PASS,라벨링 박스 맞춤
250411_153254824777.jpg,이물검출_학습데이터2,validation,김치+대상 객체,김동훈,DONE,PASS,
250411_153856079886.jpg,이물검출_학습데이터2,validation,김치+대상 객체,김동훈,EDITED,PASS,라벨링 박스 맞춤
250411_154859817171.jpg,이물검출_학습데이터2,validation,김치+대상 객체,김동훈,DONE,PASS,
250411_155213979703.jpg,이물검출_학습데이터2,validation,김치+대상 객체,김동훈,EDITED,PASS,라벨링 박스 맞춤
250411_160333681517.jpg,이물검출_학습데이터2,validation,김치+대상 객체,김동훈,EDITED,PASS,라벨링 박스 맞춤
250411_160845945710.jpg,이물검출_학습데이터2,validation,김치+대상 객체,김동훈,EDITED,PASS,라벨링 박스 맞춤
250411_161125175112.jpg,이물검출_학습데이터2,validation,김치+대상 객체,김동훈,DONE,PASS,
250411_161204714653.jpg,이물검출_학습데이터2,validation,김치+대상 객체,김동훈,EDITED,PASS,라벨링 박스 맞춤
250411_162102317297.jpg,이물검출_학습데이터2,validation,김치+대상 객체,김동훈,EDITED,PASS,라벨링 박스 맞춤
250411_162400775089.jpg,이물검출_학습데이터2,validation,김치+대상 객체,김동훈,EDITED,PASS,라벨링 박스 맞춤
250411_162535290470.jpg,이물검출_학습데이터2,validation,김치+대상 객체,김동훈,DONE,PASS,
250411_162846129980.jpg,이물검출_학습데이터2,validation,김치+대상 객체,김동훈,EDITED,PASS,라벨링 박스 맞춤
250411_163231309394.jpg,이물검출_학습데이터2,validation,김치+대상 객체,김동훈,DONE,PASS,
250424_105826238840.jpg,이물검출_학습데이터2,validation,김치+대상 객체,김동훈,DONE,PASS,
250424_110320866054.jpg,이물검출_학습데이터2,validation,김치+대상 객체,김동훈,DONE,PASS,
250424_110344645163.jpg,이물검출_학습데이터2,validation,김치+대상 객체,김동훈,DONE,PASS,
250424_110422490499.jpg,이물검출_학습데이터2,validation,김치+대상 객체,김동훈,EDITED,PASS,라벨링 박스 맞춤
250424_111106537338.jpg,이물검출_학습데이터2,validation,김치+대상 객체,김동훈,EDITED,PASS,라벨링 박스 맞춤
250424_111341945533.jpg,이물검출_학습데이터2,validation,김치+대상 객체,김동훈,EDITED,PASS,
250424_112256216378.jpg,이물검출_학습데이터2,validation,김치+대상 객체,김동훈,EDITED,PASS,라벨링 박스 맞춤 및 갈변 추가
250424_112520861551.jpg,이물검출_학습데이터2,validation,김치+대상 객체,김동훈,EDITED,PASS,병해 갈변 6번 추가
250424_112553658191.jpg,이물검출_학습데이터2,validation,김치+대상 객체,김동훈,EDITED,PASS,라벨링 박스 맞춤 및 6번 추가
250424_112714928952.jpg,이물검출_학습데이터2,validation,김치+대상 객체,김동훈,DONE,PASS,
250424_113017660157.jpg,이물검출_학습데이터2,validation,김치+대상 객체,김동훈,EDITED,PASS,"5번추가 , 라벨링 박스 맞춤"
250424_114354919791.jpg,이물검출_학습데이터2,validation,김치+대상 객체,김동훈,DONE,PASS,
250424_114427299303.jpg,이물검출_학습데이터2,validation,김치+대상 객체,김동훈,DONE,PASS,
250424_114541448139.jpg,이물검출_학습데이터2,validation,김치+대상 객체,김동훈,DONE,PASS,
250424_114752056861.jpg,이물검출_학습데이터2,validation,김치+대상 객체,김동훈,EDITED,PASS,"라벨링 박스 맞춤 , 5번 갈변 추가"
250424_131300572776.jpg,이물검출_학습데이터2,validation,김치+대상 객체,김동훈,EDITED,PASS,병해 갈변 추가 6번 7번
250424_131447980205.jpg,이물검출_학습데이터2,validation,김치+대상 객체,김동훈,EDITED,PASS,7번 갈변 추가
250424_131537176736.jpg,이물검출_학습데이터2,validation,김치+대상 객체,김동훈,EDITED,PASS,6번 7번 추가 병해 갈변
250424_131605365916.jpg,이물검출_학습데이터2,validation,김치+대상 객체,김동훈,EDITED,PASS,7번 병해 갈변 추가 8번도 추가 뭔지 모르겠음
250424_131740237196.jpg,이물검출_학습데이터2,validation,김치+대상 객체,김동훈,EDITED,PASS,7번 병 갈 추가
250424_132417140373.jpg,이물검출_학습데이터2,validation,김치+대상 객체,김동훈,EDITED,PASS,6번 추가  병해 갈변
250424_133425417139.jpg,이물검출_학습데이터2,validation,김치+대상 객체,김동훈,EDITED,PASS,7번 추가
250424_133503096161.jpg,이물검출_학습데이터2,validation,김치+대상 객체,김동훈,EDITED,PASS,7번 추가 병해 갈변
250424_133601135830.jpg,이물검출_학습데이터2,validation,김치+대상 객체,김동훈,EDITED,PASS,6번 갈변 추가
250424_133822721787.jpg,이물검출_학습데이터2,validation,김치+대상 객체,김동훈,DONE,PASS,
250424_134528641228.jpg,이물검출_학습데이터2,validation,김치+대상 객체,김동훈,DONE,PASS,
250424_134609468397.jpg,이물검출_학습데이터2,validation,김치+대상 객체,김동훈,DONE,PASS,
250424_134711838797.jpg,이물검출_학습데이터2,validation,김치+대상 객체,김동훈,DONE,PASS,
250424_135228979866.jpg,이물검출_학습데이터2,validation,김치+대상 객체,김동훈,EDITED,PASS,"라벨링 박스 맞춤 , 6 7 번 추가"
250424_135437428949.jpg,이물검출_학습데이터2,validation,김치+대상 객체,김동훈,EDITED,PASS,4번 라벨링 맞춤
250424_140147957962.jpg,이물검출_학습데이터2,validation,김치+대상 객체,김동훈,EDITED,PASS,8 번 9 번 추가함
250424_140927386469.jpg,이물검출_학습데이터2,validation,김치+대상 객체,김동훈,EDITED,PASS,6~10 추가
250424_141008289141.jpg,이물검출_학습데이터2,validation,김치+대상 객체,김동훈,DONE,PASS,
250424_141046132793.jpg,이물검출_학습데이터2,validation,김치+대상 객체,김동훈,DONE,PASS,
250424_141117326057.jpg,이물검출_학습데이터2,validation,김치+대상 객체,김동훈,DONE,PASS,
250424_141906362111.jpg,이물검출_학습데이터2,validation,김치+대상 객체,김동훈,DONE,PASS,
250424_143312128093.jpg,이물검출_학습데이터2,validation,김치+대상 객체,김동훈,DONE,PASS,
250424_143454496733.jpg,이물검출_학습데이터2,validation,김치+대상 객체,김동훈,DONE,PASS,
250424_150358295363.jpg,이물검출_학습데이터2,validation,김치+대상 객체,김동훈,DONE,PASS,
250424_150428766903.jpg,이물검출_학습데이터2,validation,김치+대상 객체,김동훈,DONE,PASS,
250424_150657426032.jpg,이물검출_학습데이터2,validation,김치+대상 객체,김동훈,DONE,PASS,
250424_150822430768.jpg,이물검출_학습데이터2,validation,김치+대상 객체,김동훈,EDITED,PASS,7번 갈변 추가
250424_151011160174.jpg,이물검출_학습데이터2,validation,김치+대상 객체,김동훈,EDITED,PASS,
250424_151403291574.jpg,이물검출_학습데이터2,validation,김치+대상 객체,김동훈,DONE,PASS,
250424_151540089453.jpg,이물검출_학습데이터2,validation,김치+대상 객체,김동훈,DONE,PASS,
250424_152501766895.jpg,이물검출_학습데이터2,validation,김치+대상 객체,김동훈,DONE,PASS,
250424_152845371656.jpg,이물검출_학습데이터2,validation,김치+대상 객체,김동훈,DONE,PASS,
250424_152915766700.jpg,이물검출_학습데이터2,validation,김치+대상 객체,김동훈,DONE,PASS,
250424_153231474040.jpg,이물검출_학습데이터2,validation,김치+대상 객체,김동훈,DONE,PASS,
250424_153311253394.jpg,이물검출_학습데이터2,validation,김치+대상 객체,김동훈,DONE,PASS,
250424_153617318943.jpg,이물검출_학습데이터2,validation,김치+대상 객체,김동훈,DONE,PASS,
250424_154345201732.jpg,이물검출_학습데이터2,validation,김치+대상 객체,김동훈,DONE,PASS,
250424_154617146128.jpg,이물검출_학습데이터2,validation,김치+대상 객체,김동훈,DONE,PASS,
250424_154812782976.jpg,이물검출_학습데이터2,validation,김치+대상 객체,김동훈,DONE,PASS,
250424_155103672911.jpg,이물검출_학습데이터2,validation,김치+대상 객체,김동훈,DONE,PASS,
250424_155623994647.jpg,이물검출_학습데이터2,validation,김치+대상 객체,김동훈,DONE,PASS,
250424_155647704752.jpg,이물검출_학습데이터2,validation,김치+대상 객체,김동훈,DONE,PASS,
250424_155903753937.jpg,이물검출_학습데이터2,validation,김치+대상 객체,김동훈,DONE,PASS,
250424_160024860603.jpg,이물검출_학습데이터2,validation,김치+대상 객체,김동훈,DONE,PASS,
250424_160514972268.jpg,이물검출_학습데이터2,validation,김치+대상 객체,김동훈,DONE,PASS,
250424_164108548301.jpg,이물검출_학습데이터2,validation,김치+대상 객체,김동훈,DONE,PASS,
250424_164139809945.jpg,이물검출_학습데이터2,validation,김치+대상 객체,김동훈,DONE,PASS,
250424_164235214851.jpg,이물검출_학습데이터2,validation,김치+대상 객체,김동훈,DONE,PASS,
250424_164608823093.jpg,이물검출_학습데이터2,validation,김치+대상 객체,김동훈,DONE,PASS,
250424_165356368327.jpg,이물검출_학습데이터2,validation,김치+대상 객체,김동훈,DONE,PASS,
250424_165805730646.jpg,이물검출_학습데이터2,validation,김치+대상 객체,김동훈,DONE,PASS,
250424_170349029554.jpg,이물검출_학습데이터2,validation,김치+대상 객체,김동훈,DONE,PASS,
250424_170546955381.jpg,이물검출_학습데이터2,validation,김치+대상 객체,김동훈,DONE,PASS,
250513_021719424551.jpg,이물검출_학습데이터2,validation,대상 객체 단독,김동훈,DONE,PASS,
250513_021732352571.jpg,이물검출_학습데이터2,validation,대상 객체 단독,김동훈,DONE,PASS,
250513_021739998611.jpg,이물검출_학습데이터2,validation,대상 객체 단독,김동훈,DONE,PASS,
250513_021752644486.jpg,이물검출_학습데이터2,validation,대상 객체 단독,김동훈,DONE,PASS,
250513_021804963969.jpg,이물검출_학습데이터2,validation,대상 객체 단독,김동훈,DONE,PASS,
250513_021827419874.jpg,이물검출_학습데이터2,validation,대상 객체 단독,김동훈,DONE,PASS,
250513_021837552190.jpg,이물검출_학습데이터2,validation,대상 객체 단독,김동훈,DONE,PASS,
250513_021851164524.jpg,이물검출_학습데이터2,validation,대상 객체 단독,김동훈,DONE,PASS,
250513_021900840954.jpg,이물검출_학습데이터2,validation,대상 객체 단독,김동훈,DONE,PASS,
250513_021911942196.jpg,이물검출_학습데이터2,validation,대상 객체 단독,김동훈,DONE,PASS,
250513_021922770294.jpg,이물검출_학습데이터2,validation,대상 객체 단독,김동훈,DONE,PASS,
250513_021933338649.jpg,이물검출_학습데이터2,validation,대상 객체 단독,김동훈,DONE,PASS,
250513_021942681060.jpg,이물검출_학습데이터2,validation,대상 객체 단독,김동훈,DONE,PASS,
250513_021952888560.jpg,이물검출_학습데이터2,validation,대상 객체 단독,김동훈,DONE,PASS,
250513_022002033052.jpg,이물검출_학습데이터2,validation,대상 객체 단독,김동훈,DONE,PASS,
250513_022020042401.jpg,이물검출_학습데이터2,validation,대상 객체 단독,김동훈,DONE,PASS,
250513_022029312836.jpg,이물검출_학습데이터2,validation,대상 객체 단독,김동훈,DONE,PASS,
250513_022041431304.jpg,이물검출_학습데이터2,validation,대상 객체 단독,김동훈,DONE,PASS,
250513_022057115759.jpg,이물검출_학습데이터2,validation,대상 객체 단독,김동훈,DONE,PASS,
250513_022118763062.jpg,이물검출_학습데이터2,validation,대상 객체 단독,김동훈,DONE,PASS,
250513_022131908234.jpg,이물검출_학습데이터2,validation,대상 객체 단독,김동훈,DONE,PASS,
250513_022144941639.jpg,이물검출_학습데이터2,validation,대상 객체 단독,김동훈,DONE,PASS,
250513_022210287197.jpg,이물검출_학습데이터2,validation,대상 객체 단독,김동훈,DONE,PASS,
250513_022220095831.jpg,이물검출_학습데이터2,validation,대상 객체 단독,김동훈,DONE,PASS,
250513_022233676410.jpg,이물검출_학습데이터2,validation,대상 객체 단독,김동훈,DONE,PASS,
250513_022341564846.jpg,이물검출_학습데이터2,validation,대상 객체 단독,김동훈,DONE,PASS,
250513_022352029211.jpg,이물검출_학습데이터2,validation,대상 객체 단독,김동훈,DONE,PASS,
250513_022402086607.jpg,이물검출_학습데이터2,validation,대상 객체 단독,김동훈,DONE,PASS,
250513_022416739467.jpg,이물검출_학습데이터2,validation,대상 객체 단독,김동훈,DONE,PASS,
250513_022444165179.jpg,이물검출_학습데이터2,validation,대상 객체 단독,김동훈,DONE,PASS,
